8.735,0
8.74,0.01
8.744,-0.01
8.757,-0
8.759,-0.01
8.76,-0
8.765,-0.01
8.78,0
8.783,-0.01
8.785,-0.02
8.786,0
8.788,0
8.793,-0
8.799,0.01
8.803,0.02
8.808,0.01
8.813,-0.01
8.819,0
8.823,-0
8.828,0.01
8.834,0.01
8.839,-0.02
8.843,-0.01
8.848,-0.01
8.857,0.02
8.859,0.01
8.861,-0
8.881,0
8.882,0
8.883,-0.01
8.884,-0.01
8.887,0.01
8.891,0.01
8.896,-0.01
8.905,0.01
8.907,-0
8.91,0.01
8.915,0
8.92,0.01
8.924,0
8.929,-0
8.936,-0.01
8.939,-0.03
8.944,-0
8.962,-0.01
8.966,-0.02
8.968,0
8.971,-0.01
8.974,-0
8.975,-0
8.988,0.01
8.99,0.01
8.991,0.01
8.994,-0.01
8.997,-0.01
9.002,0
9.007,0.02
9.011,-0.01
9.017,-0.01
9.021,-0.01
9.026,0
9.031,0.02
9.037,-0
9.041,-0
9.046,0.01
9.059,-0
9.062,-0.01
9.063,0.01
9.067,0
9.074,-0.01
9.076,0
9.08,-0.01
9.086,-0
9.091,-0.01
9.094,-0
9.1,0.01
9.104,0
9.109,0.02
9.113,0.01
9.119,0.02
9.124,0.02
9.128,0
9.135,0.01
9.141,0.01
9.143,0.02
9.16,0.02
9.162,0.01
9.164,0
9.165,-0
9.178,0
9.18,-0
9.181,0.01
9.185,0.02
9.188,0
9.191,-0.01
9.196,-0
9.201,0
9.207,0.01
9.212,0
9.221,-0
9.224,-0.01
9.227,-0
9.235,0.01
9.238,0.01
9.241,0.01
9.246,-0
9.257,0
9.259,0.01
9.277,-0.01
9.279,0
9.28,0.01
9.28,-0.01
9.281,-0
9.286,0
9.289,-0
9.293,-0
9.298,-0.01
9.303,0
9.308,-0
9.314,0
9.319,-0.01
9.324,-0
9.328,-0.01
9.335,-0
9.339,0
9.344,0.01
9.347,-0.01
9.354,-0
9.359,-0.01
9.364,-0.02
9.386,-0.02
9.39,-0.01
9.392,-0.01
9.393,-0.01
9.395,-0.01
9.397,-0.02
9.4,0
9.402,-0.01
9.406,-0.01
9.41,0
9.415,-0.01
9.42,0
9.424,-0.01
9.429,-0.01
9.434,-0.01
9.439,0.02
9.444,-0
9.451,-0.01
9.454,-0
9.458,-0
9.464,0.01
9.476,-0.01
9.48,0
9.483,-0.01
9.487,-0
9.489,-0.02
9.492,-0.01
9.498,-0
9.503,-0.01
9.509,-0
9.512,-0
9.52,0
9.522,0.01
9.527,-0
9.534,0
9.537,-0
9.541,0.01
9.546,-0.01
9.553,-0.01
9.558,0.01
9.561,0.01
9.578,-0
9.581,0.01
9.583,0
9.586,-0.01
9.588,-0.01
9.59,0
9.594,0.02
9.6,0.02
9.607,0.01
9.61,0.03
9.613,0.03
9.62,0.02
9.625,0.03
9.628,0.03
9.634,0.03
9.637,0.02
9.642,0.01
9.647,0.02
9.654,0.01
9.658,-0.01
9.663,-0.02
9.669,-0.03
9.675,-0.01
9.676,-0.02
9.681,-0.02
9.686,-0.03
9.691,0
9.696,0.02
9.702,0.02
9.706,0.02
9.711,0.02
9.717,0
9.722,-0.02
9.727,-0.03
9.731,-0.03
9.739,-0.03
9.742,-0.04
9.747,-0.05
9.753,-0.05
9.757,-0.04
9.761,-0.03
9.767,-0.01
9.784,-0
9.788,-0
9.79,0.03
9.791,0.03
9.793,0.04
9.795,0.04
9.799,0.04
9.812,0.02
9.814,0.02
9.815,0.04
9.818,0.02
9.824,0.02
9.83,0.01
9.834,0.02
9.837,0.04
9.842,0.05
9.847,0.06
9.854,0.05
9.858,0.06
9.863,0.07
9.878,0.07
9.88,0.07
9.881,0.06
9.896,0.05
9.897,0.06
9.899,0.05
9.9,0.05
9.902,0.04
9.905,0.06
9.91,0.05
9.915,0.04
9.919,0.05
9.927,0.06
9.929,0.07
9.937,0.09
9.94,0.07
9.945,0.08
9.95,0.09
9.954,0.11
9.959,0.1
9.964,0.08
9.982,0.08
9.985,0.06
9.99,0.04
9.991,0.04
9.992,0.05
9.993,0.03
9.997,0.04
10.013,0.07
10.015,0.09
10.017,0.13
10.018,0.13
10.023,0.19
10.026,0.21
10.031,0.21
10.035,0.18
10.041,0.17
10.046,0.15
10.056,0.13
10.058,0.07
10.07,0.05
10.072,0.05
10.074,0.03
10.076,-0.01
10.081,0.02
10.085,0.06
10.089,0.05
10.094,0.04
10.1,0.07
10.106,0.1
10.112,0.06
10.114,-0.01
10.122,-0.01
10.125,0.02
10.133,0.03
10.135,-0.04
10.14,-0.05
10.143,0.03
10.147,0.05
10.152,0.01
10.157,-0.05
10.162,-0.01
10.174,0.02
10.175,-0.01
10.179,-0.08
10.182,-0.1
10.188,-0.04
10.192,-0.04
10.196,-0.06
10.202,-0.05
10.206,-0.03
10.21,-0.06
10.217,-0.11
10.22,-0.08
10.225,-0.03
10.23,-0.09
10.237,-0.12
10.241,-0.07
10.247,-0.03
10.266,-0.15
10.27,-0.21
10.273,-0.07
10.277,0
10.28,-0.15
10.282,-0.16
10.284,0.06
10.286,0.12
10.293,-0.16
10.295,-0.27
10.298,0.07
10.303,0.2
10.308,-0.15
10.313,-0.31
10.318,0.04
10.323,0.17
10.327,-0.21
10.333,-0.23
10.339,0.13
10.343,0.17
10.348,-0.14
10.365,-0.25
10.375,0.1
10.377,0.13
10.378,-0.2
10.379,-0.27
10.38,-0.1
10.381,0.03
10.387,-0.11
10.391,-0.36
10.396,-0.27
10.401,-0.17
10.405,-0.26
10.41,-0.27
10.415,-0.19
10.42,-0.25
10.425,-0.24
10.43,-0.13
10.438,-0.03
10.442,-0.19
10.446,-0.28
10.453,-0.09
10.456,-0.08
10.459,-0.21
10.464,-0.12
10.479,-0.03
10.481,0
10.482,0.15
10.504,0.38
10.506,0.33
10.508,0.15
10.509,0.31
10.51,0.66
10.511,0.74
10.512,0.51
10.52,0.59
10.524,0.81
10.527,0.75
10.531,0.6
10.539,0.58
10.541,0.67
10.547,0.62
10.552,0.39
10.561,0.35
10.563,0.42
10.567,0.24
10.577,-0.17
10.579,-0.43
10.605,-0.31
10.607,-0.26
10.608,-0.53
10.615,-0.73
10.616,-0.57
10.618,-0.58
10.62,-0.7
10.621,-0.8
10.622,-0.86
10.623,-0.74
10.628,-0.54
10.635,-0.55
10.638,-0.79
10.644,-0.82
10.648,-0.54
10.656,-0.52
10.66,-0.59
10.663,-0.43
10.678,-0.16
10.679,-0.26
10.68,-0.42
10.682,-0.21
10.704,0.05
10.706,-0.06
10.707,-0.18
10.707,-0.01
10.708,0.04
10.711,-0.15
10.717,-0.27
10.722,-0.13
10.726,-0.08
10.731,-0.23
10.736,-0.24
10.741,-0.07
10.746,-0.06
10.753,-0.17
10.756,-0.16
10.761,-0.06
10.766,-0.08
10.771,-0.15
10.778,-0.14
10.781,-0.11
10.8,-0.13
10.803,-0.19
10.805,-0.15
10.807,-0.12
10.809,-0.09
10.814,-0.1
10.815,-0.07
10.834,0
10.838,0.01
10.84,-0.02
10.841,0.01
10.843,0.05
10.844,0.03
10.847,0
10.854,0
10.86,0.02
10.862,0.01
10.867,-0.02
10.878,-0.04
10.88,-0
10.882,-0.01
10.892,-0.02
10.894,0.03
10.898,0.03
10.901,0.02
10.909,0.03
10.911,0.04
10.915,0.05
10.92,0.04
10.925,0.05
10.929,0.05
10.936,0.03
10.939,0.01
10.946,-0
10.949,-0.02
10.957,-0.01
10.959,-0.04
10.963,-0.05
10.971,-0.05
10.973,-0.05
10.978,-0.08
10.983,-0.06
10.993,-0.04
10.995,-0.04
10.997,-0.04
11.028,-0.05
11.029,-0.03
11.031,-0.04
11.032,-0.06
11.033,-0.03
11.034,-0.04
11.035,-0.04
11.04,-0.09
11.044,-0.09
11.047,-0.06
11.053,-0.06
11.056,-0.06
11.06,-0.06
11.066,-0.02
11.072,-0.03
11.075,-0.04
11.081,-0.01
11.096,0.01
11.097,0.01
11.098,0.01
11.114,0.02
11.116,0.03
11.117,0.03
11.118,0.01
11.121,0.02
11.123,0.04
11.128,0.03
11.135,0.01
11.138,0.02
11.143,0.02
11.148,0.01
11.154,0.02
11.158,0.02
11.164,0.04
11.173,0.04
11.175,0.03
11.177,0.02
11.183,0.03
11.2,0.03
11.204,0.01
11.206,0.01
11.208,-0.02
11.213,-0.02
11.214,-0.02
11.216,-0.01
11.24,-0.04
11.243,-0.04
11.245,-0.03
11.247,-0.03
11.248,-0.03
11.25,-0.01
11.252,-0.03
11.257,-0.02
11.261,0.01
11.265,0.05
11.272,0.08
11.275,0.1
11.279,0.14
11.285,0.2
11.295,0.3
11.297,0.44
11.328,0.66
11.331,0.85
11.332,1.02
11.333,1.08
11.335,1.16
11.336,1.35
11.337,1.57
11.338,1.79
11.339,1.76
11.345,1.69
11.35,1.8
11.354,2.1
11.36,2.08
11.364,1.82
11.37,1.79
11.374,2.06
11.376,1.86
11.382,1.65
11.386,1.72
11.392,1.43
11.396,1.27
11.413,1.6
11.421,1.6
11.426,0.87
11.435,0.5
11.436,0.32
11.438,-0.15
11.439,-0.81
11.44,-1.07
11.442,-0.69
11.455,-0.68
11.456,-1.11
11.457,-1.44
11.459,-1.06
11.463,-1.12
11.47,-1.34
11.474,-0.98
11.478,-0.8
11.482,-1.56
11.495,-1.93
11.498,-1.23
11.541,-0.88
11.543,-1.31
11.544,-1.2
11.546,-0.56
11.547,-0.03
11.548,-0.14
11.549,-0.09
11.55,0.53
11.551,0.98
11.552,0.84
11.553,1.06
11.554,1.75
11.558,2.02
11.561,1.25
11.567,0.67
11.572,1.36
11.576,2.04
11.579,1.72
11.59,1.4
11.591,1.82
11.597,2.27
11.599,2.19
11.612,2.13
11.613,2.41
11.614,1.86
11.619,1.44
11.625,1.31
11.629,0.62
11.633,0.5
11.638,0.33
11.643,0.27
11.647,0.34
11.654,-0.06
11.658,-0.5
11.663,-0.51
11.672,-0.96
11.676,-0.99
11.679,-1.15
11.684,-1.82
11.69,-1.94
11.695,-2.11
11.697,-1.75
11.711,-1.87
11.713,-2.35
11.714,-2.29
11.718,-2.02
11.737,-2.14
11.74,-2.49
11.742,-2.51
11.744,-1.97
11.746,-1.63
11.747,-1.66
11.75,-1.36
11.754,-0.93
11.759,-0.78
11.765,-0.6
11.773,-0.52
11.775,-0.23
11.779,0.18
11.81,0.33
11.82,0.1
11.821,0.56
11.822,1.02
11.825,0.87
11.827,1.07
11.829,1.93
11.83,2.09
11.832,1.55
11.834,1.19
11.835,1.6
11.837,1.97
11.842,1.34
11.846,1.02
11.852,0.91
11.856,0.9
11.861,0.65
11.867,0.38
11.871,0.22
11.876,0.21
11.88,0.39
11.893,-0.38
11.895,-0.83
11.896,-0.36
11.902,-0.7
11.924,-1.75
11.927,-1.84
11.929,-1.27
11.931,-1.62
11.933,-2.32
11.935,-2.09
11.94,-1.08
11.943,-1.51
11.946,-1.95
11.95,-1.29
11.955,-1.03
11.959,-1.39
11.964,-1.9
11.968,-1.52
11.973,-0.84
11.978,-0.73
11.983,-1.25
11.988,-0.87
11.993,0.27
11.997,0.25
12.01,-0.21
12.011,0.32
12.016,0.79
12.018,0.91
12.054,0.84
12.057,0.9
12.06,1.39
12.062,1.19
12.065,1.03
12.068,1.27
12.077,1.24
12.079,1.01
12.08,0.81
12.082,0.75
12.085,0.68
12.088,0.54
12.089,0.74
12.091,1.02
12.092,0.91
12.095,0.62
12.099,0.03
12.107,0.25
12.109,0.19
12.115,-0.23
12.13,-0.6
12.132,-0.88
12.133,-0.89
12.133,-1.11
12.139,-1.4
12.143,-1.31
12.148,-1.04
12.153,-1.05
12.158,-1.23
12.163,-1.1
12.17,-1.2
12.177,-1.43
12.179,-1.08
12.183,-1.03
12.192,-1.02
12.194,-1.08
12.198,-1.23
12.216,-1.19
12.223,-0.93
12.225,-0.89
12.227,-0.82
12.229,-0.66
12.231,-0.55
12.232,-0.58
12.256,-0.47
12.26,-0.2
12.262,0.37
12.263,0.71
12.264,0.44
12.264,0.72
12.265,1.09
12.274,0.84
12.277,0.68
12.28,0.94
12.285,1.27
12.294,1.33
12.296,1.25
12.301,1.21
12.329,0.85
12.331,0.67
12.332,0.81
12.334,0.58
12.335,0.17
12.335,-0.19
12.336,-0.76
12.337,-1
12.343,-0.95
12.347,-0.8
12.354,-0.95
12.357,-1.04
12.362,-0.99
12.366,-1.04
12.371,-1.06
12.376,-1.05
12.381,-1.42
12.394,-1.45
12.396,-1.11
12.401,-1.11
12.403,-1.18
12.437,-1.24
12.439,-0.96
12.44,-0.79
12.441,-0.91
12.442,-0.79
12.443,-0.66
12.444,-0.63
12.445,-0.6
12.446,-0.54
12.454,-0.33
12.458,-0.14
12.462,-0.03
12.465,0.23
12.471,0.62
12.474,0.83
12.478,0.78
12.483,0.79
12.488,1.08
12.492,1.43
12.498,1.64
12.515,1.52
12.516,1.64
12.518,1.95
12.548,1.69
12.549,1.63
12.55,1.86
12.551,2.07
12.558,1.84
12.56,1.56
12.563,2.05
12.565,2.03
12.566,1.26
12.57,0.66
12.571,0.66
12.572,0.38
12.576,-0.24
12.58,-0.53
12.587,-0.6
12.589,-0.8
12.594,-1.01
12.599,-1.18
12.607,-1.03
12.611,-1.24
12.614,-1.2
12.633,-1.24
12.635,-1.65
12.636,-1.89
12.637,-1.8
12.638,-1.79
12.643,-1.76
12.648,-1.63
12.653,-1.44
12.658,-1.52
12.664,-1.55
12.668,-1.5
12.675,-1.44
12.678,-1.18
12.683,-1.11
12.696,-1.11
12.699,-0.67
12.701,-0.13
12.703,0.06
12.722,-0.01
12.724,0.31
12.726,0.83
12.727,0.79
12.728,0.65
12.73,0.95
12.737,1.2
12.741,0.97
12.745,1.16
12.75,1.59
12.756,1.43
12.76,1.29
12.765,1.44
12.771,1.31
12.775,0.76
12.781,0.34
12.788,0.4
12.791,0.51
12.795,-0.09
12.8,-0.46
12.817,-0.3
12.821,-0.12
12.825,-0.55
12.827,-1.05
12.829,-0.67
12.83,-0.64
12.834,-1.04
12.858,-0.98
12.86,-0.7
12.862,-0.62
12.864,-0.94
12.866,-1.06
12.867,-0.83
12.869,-0.74
12.876,-0.7
12.879,-0.53
12.882,-0.42
12.889,-0.51
12.893,-0.64
12.896,-0.42
12.902,-0.04
12.912,-0.16
12.914,-0.22
12.917,0.02
12.959,0.15
12.963,0.29
12.965,0.27
12.966,0.22
12.968,0.32
12.969,0.36
12.97,0.31
12.971,0.24
12.972,0.23
12.973,0.07
12.974,-0.03
12.975,0.15
12.978,0.4
12.983,0.18
12.994,-0.07
12.996,0.01
13.024,0.3
13.026,0.24
13.027,-0.27
13.028,-0.18
13.029,0.34
13.033,0.25
13.034,0.13
13.035,0.18
13.039,0.16
13.042,-0.01
13.046,0.12
13.05,0.24
13.056,0.05
13.06,-0.2
13.065,-0.24
13.072,-0.48
13.076,-0.53
13.081,-0.38
13.097,-0.23
13.099,-0.41
13.101,-0.59
13.102,-0.49
13.135,-0.53
13.138,-0.67
13.141,-0.62
13.143,-0.36
13.144,-0.51
13.145,-0.99
13.146,-0.79
13.147,-0.36
13.148,-0.42
13.149,-0.56
13.155,-0.44
13.157,-0.11
13.162,-0.28
13.167,-0.61
13.174,-0.51
13.178,-0.19
13.183,-0.07
13.198,-0.27
13.202,-0.31
13.204,-0.05
13.206,0.22
13.209,0.22
13.212,0.05
13.216,0.25
13.232,0.62
13.233,0.57
13.234,0.34
13.238,0.44
13.24,0.7
13.245,0.64
13.249,0.43
13.255,0.74
13.26,0.94
13.264,0.73
13.271,0.84
13.275,1.37
13.28,1.17
13.285,0.8
13.291,0.78
13.296,0.8
13.299,0.8
13.313,0.73
13.315,0.51
13.317,0.25
13.322,0.17
13.349,0.34
13.351,0.43
13.352,0.15
13.353,-0.19
13.354,-0.3
13.355,-0.23
13.356,-0.48
13.356,-0.83
13.362,-0.7
13.367,-0.64
13.372,-0.96
13.377,-1.45
13.382,-1.3
13.388,-1.02
13.392,-1.3
13.395,-1.21
13.401,-0.95
13.413,-0.91
13.415,-0.67
13.416,-0.5
13.423,-0.23
13.425,-0.09
13.43,0.03
13.434,0.01
13.451,0.18
13.456,0.47
13.457,0.53
13.458,0.44
13.459,0.43
13.464,0.7
13.468,0.82
13.473,0.61
13.478,0.75
13.484,1.11
13.494,1.01
13.495,0.56
13.498,0.7
13.516,0.94
13.524,0.82
13.526,0.65
13.528,0.95
13.53,0.7
13.531,0.21
13.532,0.35
13.538,0.28
13.541,-0.13
13.546,-0.16
13.551,-0.37
13.556,-0.9
13.561,-0.98
13.566,-0.75
13.571,-0.69
13.577,-0.82
13.581,-0.8
13.589,-0.61
13.591,-0.76
13.596,-0.78
13.6,-0.43
13.615,-0.67
13.617,-1.08
13.619,-0.92
13.621,-0.75
13.625,-0.64
13.63,-0.56
13.634,-0.24
13.655,0.14
13.657,0.05
13.658,0.01
13.658,0.2
13.659,0.29
13.664,0.05
13.673,0.05
13.676,0.33
13.678,0.39
13.683,0.21
13.69,0.26
13.694,0.64
13.697,0.86
13.702,0.63
13.71,0.24
13.735,0.37
13.737,0.35
13.737,-0.01
13.738,-0.17
13.738,-0.09
13.739,-0.04
13.74,-0.27
13.745,-0.46
13.75,-0.08
13.756,0.04
13.761,-0.21
13.765,-0.21
13.773,-0.01
13.776,-0.07
13.78,-0.14
13.785,-0.06
13.79,0.13
13.795,0.07
13.8,0
13.814,0.09
13.817,0.29
13.819,0.29
13.855,-0.08
13.857,-0.01
13.858,0.31
13.859,0.17
13.86,-0.08
13.861,0.01
13.862,0.13
13.863,-0.02
13.864,-0.6
13.864,-0.6
13.867,-0.35
13.873,-0.55
13.877,-0.53
13.882,-0.31
13.888,-0.6
13.892,-0.64
13.897,-0.32
13.901,-0.31
13.915,-0.62
13.917,-0.39
13.922,-0.08
13.924,-0.32
13.954,-0.74
13.958,-0.4
13.96,0.08
13.961,-0.31
13.962,-0.74
13.963,-0.34
13.963,0.07
13.964,-0.56
13.965,-0.93
13.969,-0.25
13.974,0.02
13.978,-0.55
13.984,-0.67
13.996,0.08
14.01,0.31
14.012,-0.18
14.014,-0.07
14.019,0.51
14.021,0.51
14.022,0.15
14.024,0.24
14.037,0.65
14.038,0.75
14.039,0.47
14.042,0.49
14.046,0.87
14.051,0.8
14.056,0.43
14.061,0.63
14.067,0.97
14.072,0.92
14.077,0.77
14.082,0.65
14.086,0.69
14.092,0.82
14.096,0.76
14.101,0.63
14.115,0.59
14.118,0.52
14.122,0.47
14.125,0.57
14.127,0.49
14.13,0.54
14.133,0.5
14.165,0.11
14.167,-0.22
14.171,-0.01
14.172,0.21
14.173,-0.19
14.174,-0.48
14.175,-0.63
14.176,-0.6
14.179,-0.57
14.182,-0.74
14.188,-0.92
14.192,-0.98
14.196,-0.99
14.201,-1.07
14.211,-0.94
14.22,-0.76
14.221,-0.89
14.238,-1.12
14.239,-0.81
14.241,-0.42
14.241,-0.29
14.242,-0.34
14.245,-0.41
14.25,-0.19
14.255,-0.02
14.26,0.21
14.265,0.42
14.273,0.51
14.277,0.8
14.286,0.87
14.288,0.61
14.289,0.6
14.296,0.98
14.3,1.13
14.315,0.66
14.317,0.53
14.318,0.91
14.331,0.86
14.333,0.62
14.344,0.56
14.346,0.71
14.348,0.92
14.349,0.38
14.35,0.02
14.353,0.43
14.357,0.47
14.362,-0.31
14.367,-0.98
14.374,-0.45
14.376,-0.22
14.381,-1.2
14.386,-1.58
14.392,-0.87
14.396,-0.38
14.4,-0.99
14.408,-1.17
14.41,-0.38
14.415,-0.14
14.433,-0.96
14.434,-0.76
14.435,-0.06
14.435,-0.18
14.44,-0.81
14.444,-0.74
14.449,0.06
14.454,0.14
14.459,-0.5
14.464,-0.3
14.469,0.31
14.475,0.18
14.481,-0.4
14.484,-0.37
14.5,0.21
14.502,0.23
14.504,-0.04
14.509,0.13
14.51,0.52
14.513,0.56
14.517,0.37
14.533,0.29
14.534,0.32
14.536,0.43
14.537,0.39
14.542,0.37
14.546,0.06
14.551,0.04
14.557,0.26
14.561,0.05
14.567,-0.32
14.573,-0.09
14.578,0.16
14.582,-0.17
14.586,-0.7
14.593,-0.22
14.596,0.11
14.6,-0.34
14.616,-0.5
14.62,-0.08
14.624,0.01
14.627,-0.46
14.631,-0.66
14.632,-0.12
14.634,0.16
14.658,-0.32
14.661,-0.46
14.662,-0.13
14.663,0.04
14.664,-0.22
14.665,-0.4
14.667,-0.14
14.675,-0.2
14.68,-0.47
14.682,-0.48
14.689,-0.26
14.692,-0.35
14.696,-0.52
14.701,-0.46
14.713,-0.04
14.715,0.26
14.721,0.01
14.722,-0.13
14.744,0.31
14.746,0.64
14.748,0.44
14.749,0.02
14.751,-0.09
14.753,0.05
14.756,-0.08
14.761,-0.03
14.765,-0.16
14.769,-0.33
14.775,-0.02
14.781,0.1
14.791,-0.36
14.794,-0.78
14.796,-0.48
14.845,-0.31
14.847,-0.69
14.848,-0.84
14.849,-0.4
14.85,-0.13
14.852,-0.24
14.853,-0.21
14.854,0.12
14.855,0.32
14.856,0.17
14.858,0.15
14.859,0.24
14.86,0.33
14.862,0.27
14.867,0.37
14.872,0.61
14.877,0.75
14.882,0.68
14.888,0.55
14.892,0.85
14.897,0.89
14.902,0.71
14.907,0.65
14.911,0.77
14.916,0.63
14.922,0.4
14.942,0.39
14.945,0.35
14.948,0.3
14.95,0.15
14.952,0.09
14.955,0.18
14.957,0.09
14.99,-0.09
15,-0.1
15.002,0
15.005,0.01
15.007,-0.1
15.009,-0.22
15.011,-0.44
15.012,-0.18
15.012,0.15
15.013,0.14
15.014,-0.16
15.015,-0.1
15.017,0.27
15.03,0.06
15.032,-0.24
15.051,-0.11
15.052,-0.28
15.054,-0.64
15.055,-0.6
15.056,-0.15
15.057,-0.17
15.061,-0.59
15.066,-0.45
15.072,0.01
15.076,-0.24
15.08,-0.62
15.085,-0.36
15.09,0.03
15.095,-0.5
15.099,-0.78
15.108,-0.29
15.113,-0.01
15.115,-0.36
15.118,-0.46
15.154,0.03
15.158,0.28
15.16,-0.15
15.163,-0.37
15.165,-0.03
15.167,0.18
15.169,-0.12
15.171,-0.19
15.173,0.15
15.175,0.29
15.177,0.02
15.178,-0.04
15.183,0.37
15.19,0.23
15.192,0.01
15.197,0.01
15.203,0.15
15.216,0.01
15.218,-0.19
15.231,0.14
15.233,0.31
15.234,0.18
15.236,0.3
15.237,0.31
15.254,0.24
15.256,0.08
15.258,0.1
15.259,0.19
15.26,0.22
15.265,0.19
15.27,0.22
15.275,0.15
15.28,0.05
15.285,0.14
15.29,0.16
15.295,0.23
15.299,0.25
15.315,0.08
15.318,0.08
15.332,0.26
15.334,0.33
15.336,0.32
15.337,0.41
15.339,0.5
15.341,0.24
15.356,0.12
15.358,0.25
15.359,0.08
15.36,-0.35
15.362,-0.18
15.367,0.12
15.375,-0.04
15.378,-0.37
15.383,-0.26
15.39,-0.15
15.393,-0.17
15.397,-0.31
15.402,-0.37
15.408,-0.09
15.411,-0.18
15.416,-0.69
15.421,-0.78
15.435,-0.53
15.437,-0.56
15.439,-0.94
15.475,-0.87
15.477,-0.46
15.481,-0.52
15.482,-0.85
15.483,-0.55
15.484,0.04
15.484,-0.22
15.485,-0.62
15.485,-0.21
15.486,0.13
15.492,-0.13
15.493,-0.32
15.498,-0.03
15.503,0.27
15.51,0.29
15.512,0.15
15.518,0.24
15.545,0.58
15.547,0.69
15.548,0.25
15.55,0.25
15.55,0.82
15.551,0.78
15.552,0.14
15.558,0.22
15.561,0.93
15.566,0.71
15.573,0.29
15.576,0.36
15.581,0.58
15.586,0.26
15.593,-0.07
15.597,0.06
15.601,-0.05
15.616,-0.32
15.619,-0.19
15.622,-0.01
15.625,-0.3
15.627,-0.41
15.667,-0.28
15.67,-0.72
15.673,-1.03
15.676,-0.68
15.685,-0.59
15.687,-1.04
15.69,-0.9
15.691,-0.4
15.692,-0.46
15.693,-0.78
15.694,-0.59
15.695,-0.06
15.695,-0.23
15.696,-0.54
15.697,-0.2
15.702,0.18
15.712,-0.02
15.713,-0.2
15.717,0.19
15.74,0.57
15.743,0.3
15.745,0.1
15.746,0.38
15.747,0.56
15.748,0.2
15.751,0.08
15.758,0.41
15.761,0.63
15.765,0.29
15.771,0.18
15.776,0.51
15.781,0.64
15.785,0.24
15.79,0.08
15.794,0.41
15.799,0.37
15.805,-0.2
15.809,-0.24
15.814,0.29
15.818,0.1
15.831,-0.29
15.833,0.12
15.871,0.51
15.876,0.12
15.881,-0.23
15.884,0.07
15.889,0.23
15.892,-0.08
15.895,-0.28
15.898,0.07
15.902,0.27
15.906,0.06
15.91,-0.06
15.912,0.3
15.913,0.54
15.915,0.31
15.917,0.11
15.919,0.12
15.921,0.33
15.923,0.36
15.925,0.34
15.927,0.4
15.931,0.33
15.938,0.36
15.943,0.35
15.945,0.31
15.95,0.14
15.961,0.07
15.962,-0.21
15.969,-0.09
15.971,-0.13
15.998,-0.38
16.001,-0.4
16.003,-0.36
16.004,-0.42
16.006,-0.5
16.008,-0.59
16.009,-0.9
16.011,-0.9
16.013,-0.66
16.018,-0.92
16.026,-1.02
16.028,-0.75
16.037,-0.71
16.038,-1.12
16.051,-0.92
16.053,-0.46
16.055,-0.57
16.057,-0.91
16.062,-0.54
16.066,0.01
16.071,-0.12
16.076,-0.37
16.081,0.06
16.086,0.41
16.092,0.24
16.096,0.07
16.1,0.53
16.11,0.97
16.112,0.81
16.115,0.77
16.12,1.06
16.135,1.31
16.137,1.21
16.139,1.09
16.142,1.17
16.15,1.39
16.151,1.24
16.155,1.07
16.183,1.15
16.185,1.31
16.186,1.2
16.187,0.78
16.188,0.96
16.189,1.35
16.19,0.94
16.195,0.67
16.198,0.77
16.203,0.9
16.213,0.41
16.215,-0.02
16.257,-0.09
16.259,-0.39
16.26,-0.88
16.261,-1.18
16.262,-1.45
16.263,-1.43
16.264,-1.48
16.265,-1.88
16.265,-1.7
16.266,-1.54
16.267,-1.75
16.271,-2
16.276,-1.96
16.28,-1.72
16.285,-1.78
16.291,-1.96
16.295,-1.66
16.299,-1.13
16.304,-0.85
16.309,-0.62
16.314,-0.2
16.318,0.3
16.333,0.47
16.335,0.48
16.336,0.62
16.371,0.68
16.374,0.49
16.377,0.19
16.379,-0.01
16.381,-0.17
16.382,-0.41
16.384,-0.5
16.385,-0.36
16.387,-0.23
16.389,-0.16
16.391,0.05
16.392,0.15
16.396,0.27
16.401,0.39
16.41,0.4
16.412,0.37
16.419,0.39
16.424,0.33
16.439,0.29
16.441,0.45
16.443,0.6
16.445,0.5
16.447,0.47
16.45,0.59
16.455,0.57
16.459,0.34
16.464,0.33
16.469,0.58
16.474,0.67
16.479,0.27
16.483,0.24
16.491,0.75
16.494,0.74
16.499,0.15
16.503,0.21
16.511,0.91
16.514,0.45
16.518,-0.35
16.528,0.15
16.53,1.03
16.544,0.33
16.546,-0.55
16.548,0.1
16.55,0.72
16.552,0.1
16.572,-0.63
16.574,-0.19
16.576,0.2
16.577,-0.51
16.579,-1.08
16.581,-0.29
16.586,0.31
16.592,-0.53
16.596,-1.07
16.6,-0.3
16.615,0.05
16.618,-0.68
16.62,-0.92
16.673,-0.36
16.677,-0.17
16.679,-0.7
16.681,-0.86
16.684,-0.34
16.687,-0.11
16.689,-0.49
16.69,-0.65
16.691,-0.22
16.692,-0.02
16.693,-0.35
16.694,-0.49
16.694,-0.19
16.695,-0.07
16.696,-0.34
16.696,-0.38
16.697,-0.07
16.703,0.01
16.713,-0.23
16.714,-0.18
16.726,0.1
16.727,0.12
16.741,-0.06
16.743,0.04
16.745,0.3
16.746,0.29
16.747,0.09
16.75,0.22
16.757,0.47
16.761,0.38
16.765,0.27
16.77,0.49
16.775,0.63
16.78,0.45
16.785,0.34
16.79,0.41
16.794,0.56
16.8,0.73
16.804,0.58
16.811,0.28
16.815,0.42
16.82,0.5
16.831,0.31
16.833,0.39
16.835,0.36
16.847,0.17
16.849,0.01
16.85,-0.09
16.852,-0.36
16.872,-0.18
16.874,0.01
16.876,-0.42
16.878,-0.77
16.88,-0.34
16.882,-0
16.887,-0.53
16.892,-0.69
16.897,-0.06
16.902,0.09
16.911,-0.51
16.912,-0.39
16.917,0.32
16.921,0.33
16.932,-0.09
16.934,0.13
16.935,0.66
16.965,0.59
16.966,0.3
16.967,0.51
16.969,0.83
16.97,0.87
16.972,0.56
16.972,0.59
16.975,1.08
16.978,1.12
16.983,0.6
16.988,0.71
16.994,1.27
16.999,0.9
17.004,0.43
17.015,0.4
17.017,0.66
17.019,0.68
17.06,-0.04
17.063,-0.05
17.065,0.33
17.066,0.05
17.067,-0.35
17.067,-0.29
17.068,-0.19
17.068,-0.5
17.069,-0.76
17.07,-0.56
17.071,-0.54
17.076,-1.03
17.08,-1.7
17.085,-1.45
17.092,-0.94
17.096,-1.29
17.1,-1.77
17.105,-1.63
17.117,-1.28
17.12,-1.51
17.15,-1.89
17.152,-1.47
17.153,-0.95
17.153,-1.02
17.154,-1.23
17.154,-0.78
17.155,-0.29
17.155,-0.24
17.159,-0.31
17.165,0.02
17.169,0.45
17.173,0.47
17.178,0.26
17.183,0.4
17.192,0.61
17.194,0.49
17.198,0.25
17.203,0.29
17.21,0.6
17.213,0.67
17.217,0.44
17.222,0.52
17.236,0.86
17.239,0.9
17.252,0.71
17.254,0.75
17.256,0.91
17.258,0.85
17.26,0.66
17.261,0.69
17.281,0.79
17.282,0.85
17.283,0.87
17.285,0.78
17.286,0.8
17.29,0.68
17.294,0.51
17.299,0.11
17.305,0.08
17.309,0.27
17.316,-0.26
17.319,-0.78
17.331,-0.63
17.333,-0.4
17.334,-0.62
17.338,-1.11
17.375,-0.88
17.376,-0.44
17.377,-0.77
17.378,-1.17
17.379,-0.84
17.379,-0.41
17.381,-0.63
17.381,-0.94
17.382,-0.53
17.388,0.05
17.392,-0.16
17.396,-0.46
17.402,-0.02
17.409,0.41
17.412,0.11
17.416,-0.16
17.432,0.19
17.433,0.54
17.434,0.14
17.436,-0.22
17.471,0.03
17.473,0.19
17.474,-0.2
17.475,-0.53
17.475,-0.19
17.476,0.09
17.477,-0.23
17.477,-0.46
17.48,-0.12
17.484,0.18
17.489,0.02
17.495,-0.19
17.499,-0.01
17.503,0.1
17.516,-0.17
17.518,-0.38
17.525,-0.16
17.528,0.01
17.53,-0.12
17.532,-0.24
17.537,-0.05
17.551,0.14
17.553,0.02
17.554,-0.16
17.56,-0.05
17.565,0.12
17.567,-0.04
17.572,-0.31
17.577,-0.18
17.582,0.09
17.587,-0.01
17.593,-0.24
17.596,-0.15
17.6,0.1
17.606,0.02
17.611,-0.24
17.616,-0.14
17.62,0.08
17.632,0.02
17.634,-0.14
17.644,0.02
17.645,0.23
17.646,0.18
17.65,0.08
17.654,0.17
17.672,0.32
17.674,0.2
17.675,0.06
17.676,0.12
17.678,0.18
17.683,0.08
17.688,-0.02
17.693,0.06
17.698,0.08
17.702,-0.02
17.709,-0.08
17.712,0.06
17.717,0.11
17.722,0.03
17.735,-0.05
17.737,0.04
17.739,0.08
17.741,-0.04
17.783,-0.11
17.786,-0.03
17.788,-0.01
17.792,-0.11
17.794,-0.12
17.796,-0.07
17.798,-0.05
17.8,-0.13
17.802,-0.15
17.804,-0.1
17.806,-0.09
17.809,-0.12
17.811,-0.11
17.813,-0.04
17.815,-0.02
17.82,-0.01
17.827,-0.01
17.831,0.02
17.835,0.01
17.838,-0.01
17.848,-0.01
17.851,0.03
17.888,0.05
17.89,0.03
17.891,0.03
17.891,0.05
17.892,0.04
17.896,0.03
17.896,0.05
17.897,0.06
17.897,0.04
17.898,0.04
17.901,0.07
17.907,0.06
17.911,0.04
17.915,0.06
17.92,0.07
17.929,0.06
17.934,0.02
17.936,0.03
17.94,-0
17.964,-0.01
17.966,-0.04
17.968,-0.03
17.97,-0.01
17.972,-0.03
17.974,-0.05
17.976,-0.04
17.98,-0.03
17.985,-0.03
17.994,-0.05
17.996,-0.05
17.999,-0.04
18.004,-0.04
18.009,-0.04
18.014,-0.08
18.018,-0.04
18.027,-0.02
18.03,-0.03
18.033,-0.04
18.038,-0.03
18.05,-0.04
18.053,-0.02
18.061,-0.02
18.063,0.01
18.064,-0.01
18.083,-0.01
18.085,0.01
18.086,0.01
18.087,0
18.088,-0.01
18.092,0
18.095,-0
18.1,-0.02
18.105,-0.02
18.111,-0.02
18.115,-0.03
18.12,-0.04
18.134,-0.05
18.137,-0.06
18.138,-0.06
18.143,-0.05
18.144,-0.07
18.171,-0.08
18.173,-0.07
18.174,-0.09
18.174,-0.1
18.175,-0.13
18.176,-0.17
18.179,-0.18
18.183,-0.21
18.188,-0.22
18.193,-0.23
18.199,-0.25
18.203,-0.25
18.209,-0.24
18.212,-0.23
18.218,-0.24
18.223,-0.22
18.236,-0.21
18.239,-0.25
18.242,-0.25
18.282,-0.18
18.286,-0.18
18.288,-0.26
18.29,-0.27
18.291,-0.22
18.292,-0.2
18.292,-0.29
18.293,-0.28
18.294,-0.15
18.294,-0.21
18.295,-0.28
18.296,-0.07
18.3,0.03
18.304,-0.07
18.314,-0.13
18.316,0.03
18.319,0.11
18.325,0.03
18.345,0.01
18.347,0.03
18.348,0.05
18.349,0.02
18.35,-0.09
18.353,-0.09
18.358,0.11
18.362,0.11
18.367,-0.07
18.372,-0.03
18.377,0.11
18.382,0.18
18.387,0.12
18.392,-0.01
18.396,0.05
18.402,0.24
18.408,0.17
18.412,0.05
18.416,0.08
18.421,0.14
18.427,0.21
18.431,0.17
18.436,0.05
18.454,0.07
18.456,0.28
18.457,0.33
18.459,-0.03
18.464,-0.2
18.467,0.17
18.471,0.29
18.501,-0.09
18.504,-0.26
18.506,0.18
18.51,0.25
18.512,-0.16
18.513,-0.04
18.514,0.42
18.515,0.2
18.517,-0.24
18.518,0.13
18.525,0.66
18.53,0.21
18.534,-0.37
18.538,0.14
18.546,0.69
18.586,0.09
18.589,-0.35
18.591,0.1
18.594,0.44
18.597,0.08
18.6,-0.26
18.603,-0.03
18.607,0.15
18.61,-0.04
18.611,-0.29
18.612,-0.15
18.614,0.05
18.616,-0.02
18.617,-0.28
18.619,-0.27
18.621,0.08
18.625,0.32
18.629,-0.04
18.634,-0.47
18.639,0
18.644,0.46
18.649,-0.03
18.655,-0.42
18.668,0.06
18.671,0.24
18.673,-0.14
18.707,-0.28
18.71,0.09
18.711,-0.02
18.711,-0.41
18.712,-0.26
18.713,0.15
18.713,-0.1
18.714,-0.7
18.715,-0.35
18.717,0.26
18.721,0.11
18.728,-0.4
18.731,-0.34
18.737,0.18
18.747,0.28
18.749,-0.16
18.752,-0.34
18.756,0.05
18.785,0.31
18.787,-0.02
18.788,-0.42
18.789,-0.09
18.789,0.23
18.791,0.06
18.792,-0.2
18.796,-0.06
18.8,0.15
18.804,0.11
18.809,0.06
18.814,0.08
18.819,0.17
18.823,0.16
18.829,0.05
18.834,0.05
18.839,0.13
18.852,0.14
18.865,-0.08
18.867,-0.05
18.871,0.15
18.872,0.09
18.872,-0.11
18.873,-0.05
18.885,0.2
18.886,0.23
18.887,0.05
18.894,-0.13
18.896,0.16
18.9,0.4
18.905,0.13
18.911,-0.05
18.916,0.12
18.92,0.33
18.934,0.11
18.936,-0.06
18.944,0.17
18.946,0.41
18.948,0.13
18.978,-0.12
18.98,0.17
18.984,0.44
18.987,0.14
18.99,0.08
18.993,-0.2
18.995,-0.08
18.997,-0.37
18.999,-0.25
19.001,-0.53
19.003,-0.26
19.005,0.62
19.009,-0.11
19.014,-0.94
19.018,-0.38
19.023,0.71
19.028,0.29
19.034,-0.31
19.038,-0.07
19.048,0.25
19.05,0.18
19.057,0.03
19.059,0.43
19.093,0.3
19.094,-0.63
19.095,-0.06
19.095,0.6
19.096,0.28
19.097,-0.83
19.097,-0.24
19.098,0.33
19.101,-0.11
19.106,-0.37
19.112,-0.52
19.117,0.01
19.121,0.27
19.133,-0.03
19.136,-0.24
19.175,-0.08
19.178,0.19
19.181,-0.01
19.184,-0.11
19.186,0.01
19.189,0.09
19.19,0
19.191,0.07
19.192,0.16
19.193,0.03
19.194,0.07
19.195,0.1
19.196,0.22
19.198,0.16
19.203,0.05
19.211,0.09
19.213,0.1
19.217,0.06
19.222,-0.02
19.228,0.09
19.232,0.15
19.237,-0.08
19.253,-0.1
19.254,0.17
19.258,0.24
19.259,-0.14
19.284,-0.15
19.286,0.3
19.288,0.36
19.291,0.04
19.292,-0.15
19.293,0.12
19.294,0.54
19.295,0.52
19.3,0.03
19.305,-0.18
19.31,0.05
19.314,0.31
19.318,0.18
19.326,-0.29
19.329,-0.37
19.334,0.08
19.338,0.14
19.352,-0.31
19.353,-0.17
19.355,0.35
19.358,0.22
19.385,-0.21
19.387,-0.13
19.388,0.31
19.389,0.37
19.39,-0.15
19.391,-0.47
19.393,-0.01
19.396,0.35
19.402,0.06
19.406,-0.42
19.411,-0.28
19.416,0.13
19.421,0.13
19.433,-0.19
19.435,-0.36
19.446,-0.2
19.447,-0.01
19.448,-0.05
19.476,-0.27
19.479,-0.39
19.48,-0.21
19.482,-0.08
19.484,-0.21
19.485,-0.28
19.487,-0.18
19.489,-0.09
19.492,-0.13
19.493,-0.25
19.499,-0.16
19.504,0.11
19.51,-0
19.513,-0.37
19.518,-0.28
19.522,0.2
19.528,0.15
19.533,-0.37
19.538,-0.24
19.551,0.27
19.554,0.11
19.557,-0.21
19.56,0.12
19.59,0.44
19.593,0.04
19.597,-0.29
19.6,0.11
19.603,0.48
19.606,0.19
19.609,-0.15
19.611,-0.15
19.613,0.14
19.614,0.3
19.616,0.01
19.617,-0.19
19.621,0.01
19.628,0.18
19.631,0.22
19.635,0.16
19.64,0.02
19.648,0.08
19.65,0.24
19.654,0.33
19.677,0.21
19.679,0.06
19.68,0.22
19.68,0.38
19.681,0.26
19.683,0.19
19.687,0.12
19.695,0.07
19.698,0.19
19.703,0.24
19.713,0.05
19.715,-0.13
19.718,0.03
19.722,0.27
19.726,0.12
19.732,-0.2
19.737,-0.15
19.749,0.29
19.753,0.38
19.755,-0.14
19.756,-0.38
19.793,0.1
19.795,0.42
19.796,-0.09
19.797,-0.63
19.798,-0.32
19.8,0.3
19.801,0.16
19.802,-0.45
19.804,-0.44
19.805,0.12
19.809,0.19
19.814,-0.23
19.819,-0.36
19.823,-0.05
19.83,0.09
19.833,-0.11
19.838,-0.28
19.846,-0.22
19.854,-0.18
19.855,-0.07
19.873,0.09
19.875,-0.06
19.877,-0.26
19.879,-0.1
19.881,0.21
19.882,0.18
19.887,-0.07
19.892,-0.2
19.896,0.04
19.901,0.27
19.906,0.1
19.914,-0.23
19.915,-0.16
19.921,0.26
19.934,0.49
19.936,-0.01
19.95,-0.34
19.951,0.29
19.953,0.76
19.954,0.05
19.956,-0.5
19.971,0.2
19.974,0.6
19.976,-0.07
19.98,-0.4
19.983,0.13
19.985,0.29
19.989,-0.31
19.994,-0.33
19.999,0.49
20.003,0.5
20.01,-0.4
20.016,-0.31
20.018,0.7
20.023,0.62
20.028,-0.24
20.033,-0.26
20.037,0.47
20.054,0.44
20.062,-0.2
20.067,-0.28
20.071,0.34
20.074,0.28
20.077,-0.41
20.079,-0.25
20.084,0.49
20.086,0.24
20.087,-0.44
20.102,-0.11
20.103,0.42
20.103,0.07
20.105,-0.42
20.111,-0.12
20.115,0.25
20.12,0.01
20.126,-0.28
20.129,-0.03
20.134,0.1
20.139,-0.19
20.144,-0.15
20.148,0.23
20.154,0.11
20.17,-0.43
20.173,-0.23
20.184,0.39
20.185,0.29
20.187,-0.4
20.19,-0.32
20.192,0.32
20.194,0.15
20.215,-0.41
20.217,-0.17
20.219,0.21
20.22,-0.11
20.222,-0.46
20.223,-0.04
20.228,0.18
20.232,-0.21
20.237,-0.33
20.248,0.1
20.256,0.1
20.288,-0.31
20.29,-0.17
20.293,0.33
20.294,0.13
20.295,-0.53
20.296,-0.31
20.296,0.44
20.297,0.31
20.297,-0.43
20.298,-0.25
20.3,0.46
20.305,0.36
20.31,-0.16
20.315,-0.03
20.319,0.34
20.323,0.2
20.328,-0.12
20.333,-0
20.338,0.15
20.349,0.01
20.351,-0.09
20.392,0.07
20.394,0.11
20.396,0.02
20.398,0.01
20.4,0.07
20.401,0.09
20.402,0.14
20.403,0.09
20.404,-0.06
20.405,-0.01
20.406,0.14
20.407,0.16
20.412,-0.21
20.416,-0.33
20.421,0.11
20.426,0.36
20.43,-0.03
20.435,-0.28
20.44,0.18
20.45,0.53
20.452,0.24
20.482,0.05
20.484,0.25
20.486,0.32
20.489,0.17
20.49,0.09
20.491,0.13
20.492,0.04
20.492,-0.01
20.497,0.09
20.499,0.05
20.503,-0.03
20.51,0.08
20.513,0.19
20.518,0.14
20.523,0.03
20.528,0.08
20.534,0.18
20.537,0.04
20.553,-0.1
20.555,-0.17
20.557,-0.19
20.602,-0.14
20.604,-0.28
20.605,-0.43
20.607,-0.34
20.608,-0.16
20.609,-0.17
20.61,-0.27
20.612,-0.24
20.613,-0.06
20.614,0.08
20.615,-0.07
20.616,-0.17
20.617,-0.03
20.62,0.06
20.628,-0.05
20.631,-0.19
20.635,-0.17
20.639,-0.13
20.65,-0.11
20.654,-0.19
20.656,-0.24
20.66,-0.19
20.696,-0.09
20.7,-0.11
20.703,-0.21
20.705,-0.19
20.708,-0.09
20.712,-0.07
20.714,-0.19
20.717,-0.21
20.72,-0.08
20.722,-0.11
20.726,-0.17
20.729,-0.08
20.731,0.01
20.733,-0.01
20.735,-0.02
20.74,0.1
20.743,0.19
20.748,0.1
20.751,0.07
20.756,0.21
20.762,0.27
20.766,0.14
20.772,0.13
20.783,0.18
20.785,0.2
20.831,0.18
20.843,0.14
20.847,0.26
20.849,0.25
20.85,0.18
20.851,0.17
20.852,0.34
20.852,0.31
20.853,0.11
20.854,-0.01
20.854,0.06
20.855,0.18
20.856,-0.06
20.857,-0.19
20.857,0.04
20.858,0.14
20.862,-0.14
20.867,-0.22
20.872,0.16
20.884,0.3
20.886,-0.18
20.892,-0.46
20.901,-0.13
20.902,0.13
20.903,-0.13
20.906,-0.43
20.911,-0.35
20.916,-0.13
20.92,-0.22
20.927,-0.19
20.93,0.11
20.935,-0.11
20.94,-0.42
20.946,-0.13
20.959,0.18
20.96,-0.1
20.986,-0.37
20.988,-0.09
20.989,0.02
20.99,-0.21
20.99,-0.16
20.991,0.09
20.991,-0.04
20.994,-0.29
20.998,-0.07
21.003,0.1
21.01,-0.15
21.013,-0.31
21.018,0
21.023,0.02
21.029,-0.34
21.033,-0.23
21.038,-0
21.051,-0.11
21.053,-0.33
21.055,-0.24
21.057,-0.06
21.099,-0.19
21.101,-0.27
21.102,0.04
21.103,0.05
21.103,-0.25
21.104,-0.12
21.105,0.22
21.106,0.2
21.106,0.01
21.107,0.05
21.111,0.32
21.116,0.33
21.12,0.1
21.126,0.14
21.13,0.27
21.134,0.22
21.139,0.16
21.146,0.16
21.15,0.22
21.155,0.29
21.17,0.29
21.172,0.22
21.176,0.06
21.182,0.2
21.183,0.51
21.184,0.35
21.189,-0.08
21.205,-0.12
21.207,0.24
21.209,0.37
21.21,0.14
21.213,-0.08
21.217,0.05
21.222,0.28
21.227,0.31
21.232,0.19
21.236,0.13
21.243,0.23
21.25,0.34
21.252,0.26
21.301,0.11
21.303,0.17
21.305,0.3
21.306,0.17
21.312,-0.02
21.314,0.06
21.317,0.18
21.318,-0.05
21.32,-0.2
21.321,-0.02
21.323,0.12
21.326,0.09
21.327,-0.12
21.329,-0.16
21.331,0.06
21.332,0.14
21.334,-0.09
21.338,-0.3
21.345,-0.16
21.351,0.01
21.354,-0.16
21.358,-0.35
21.372,-0.22
21.374,-0.11
21.375,-0.22
21.38,-0.25
21.383,-0.08
21.387,-0.02
21.393,-0.31
21.397,-0.39
21.402,-0.11
21.406,-0.07
21.412,-0.41
21.417,-0.49
21.422,-0.16
21.43,-0.07
21.433,-0.3
21.436,-0.41
21.441,-0.21
21.446,-0
21.451,-0.07
21.456,-0.23
21.47,-0.16
21.472,0.02
21.475,0.05
21.477,-0.01
21.517,0.05
21.521,0.02
21.524,0.02
21.526,0.15
21.53,0.21
21.532,0.01
21.534,-0.09
21.535,0.11
21.537,0.2
21.539,0.01
21.54,-0.08
21.542,0.06
21.544,-0
21.546,-0.1
21.548,0.03
21.552,0.17
21.557,0.08
21.562,-0.05
21.567,0.1
21.571,0.51
21.581,0.62
21.582,0.29
21.586,0.32
21.592,0.9
21.653,1.03
21.657,0.14
21.66,-0.54
21.662,-0.17
21.664,0.3
21.667,-0.11
21.669,-0.55
21.671,-0.05
21.673,0.29
21.675,-0.33
21.677,-0.56
21.679,0.36
21.681,0.6
21.683,-0.31
21.685,-0.72
21.687,0.06
21.689,0.42
21.69,-0.26
21.691,-0.3
21.692,0.11
21.695,0.07
21.698,-0.26
21.706,-0.08
21.708,0.16
21.717,-0.09
21.719,-0.16
21.721,0.05
21.747,-0.01
21.749,-0.27
21.749,-0.18
21.75,0.16
21.751,-0.04
21.751,-0.5
21.756,-0.2
21.763,0.28
21.766,-0.19
21.77,-0.68
21.781,-0.17
21.782,0.25
21.785,-0.29
21.791,-0.72
21.811,-0.26
21.813,0.12
21.814,-0.07
21.816,-0.53
21.817,-0.5
21.819,-0.03
21.824,0.33
21.829,-0.03
21.833,-0.66
21.838,-0.33
21.848,0.39
21.85,0.37
21.877,-0.35
21.878,-0.47
21.879,0.26
21.88,0.54
21.88,0.1
21.881,-0.15
21.882,0.2
21.887,0.62
21.891,0.35
21.897,-0.1
21.902,0.08
21.906,0.37
21.913,0.26
21.917,-0.05
21.922,-0.2
21.929,0.07
21.932,0.23
21.937,0.07
21.943,-0.07
21.95,0.03
21.951,0.21
21.956,0.32
21.963,0.18
21.967,0.09
21.971,0.13
21.989,0.12
21.992,0.21
21.994,0.24
21.996,0.09
22,-0.09
22.002,0.04
22.005,0.37
22.009,0.25
22.039,-0.2
22.044,0.03
22.045,0.54
22.046,0.15
22.047,-0.23
22.048,0.11
22.048,0.33
22.049,-0.06
22.053,-0.29
22.058,0.12
22.068,0.15
22.069,-0.33
22.099,-0.29
22.1,0.13
22.102,0.02
22.103,-0.34
22.104,-0.1
22.104,0.11
22.105,-0.13
22.105,-0.23
22.111,0.06
22.116,-0.1
22.121,-0.33
22.129,-0.01
22.131,0.08
22.135,-0.43
22.139,-0.5
22.146,0.06
22.15,0.17
22.155,-0.46
22.165,-0.64
22.167,0.04
22.17,0.2
22.174,-0.36
22.192,-0.51
22.197,0.14
22.198,0.23
22.2,-0.32
22.209,-0.26
22.211,0.31
22.212,0.16
22.213,-0.4
22.231,-0.12
22.233,0.39
22.234,0.1
22.234,-0.38
22.237,-0.07
22.241,0.41
22.246,0.17
22.251,-0.27
22.256,-0.03
22.262,0.54
22.266,0.34
22.271,-0.16
22.285,0.04
22.287,0.44
22.289,0.25
22.297,-0.1
22.298,0.18
22.302,0.56
22.305,0.15
22.328,-0.12
22.33,0.33
22.333,0.68
22.335,0.12
22.337,-0.23
22.34,0.32
22.342,0.63
22.344,-0.01
22.35,-0.35
22.354,0.13
22.359,0.52
22.363,0.12
22.368,-0.23
22.374,-0.02
22.388,0.29
22.391,0.18
22.398,-0.03
22.401,-0.02
22.404,0.12
22.408,0.14
22.411,0.06
22.44,0.06
22.443,0.1
22.446,0.07
22.449,-0.09
22.451,0.05
22.454,0.24
22.456,0.03
22.458,-0.24
22.461,-0.17
22.463,0.17
22.465,0.03
22.467,-0.32
22.47,-0.3
22.476,-0.06
22.492,-0.14
22.493,-0.39
22.495,-0.38
22.496,-0.28
22.5,-0.39
22.53,-0.46
22.533,-0.29
22.534,-0.42
22.536,-0.63
22.537,-0.22
22.538,0.19
22.539,-0.17
22.54,-0.58
22.542,-0.15
22.548,0.32
22.553,-0.01
22.557,-0.35
22.567,-0.05
22.57,0.07
22.58,-0.15
22.581,-0.14
22.616,0.09
22.619,0.08
22.622,-0.12
22.624,-0.07
22.626,0.21
22.629,0.22
22.631,-0.04
22.634,-0.03
22.636,0.17
22.638,0.19
22.641,0.04
22.643,0.06
22.645,0.2
22.648,0.1
22.65,-0.07
22.656,0.01
22.68,0.24
22.683,0.11
22.685,-0.16
22.686,0.05
22.692,0.32
22.694,0.18
22.695,0.08
22.718,0.35
22.719,0.37
22.72,0.1
22.721,0.18
22.721,0.45
22.722,0.36
22.722,-0.02
22.729,0.1
22.736,0.43
22.737,0.18
22.741,-0.13
22.746,0.07
22.752,0.32
22.756,0.1
22.768,-0.12
22.77,0.09
22.772,0.22
22.776,-0.05
22.8,-0.01
22.802,0.38
22.803,0.13
22.805,-0.3
22.806,-0.11
22.807,0.38
22.81,0.18
22.814,-0.36
22.819,-0.25
22.824,0.22
22.829,0.1
22.834,-0.32
22.84,-0.18
22.846,0.22
22.849,0.13
22.854,-0.37
22.859,-0.28
22.864,0.19
22.868,0.06
22.873,-0.46
22.887,-0.37
22.889,-0.03
22.89,-0.16
22.9,-0.53
22.901,-0.42
22.903,-0.15
22.908,-0.38
22.96,-0.48
22.962,-0.17
22.963,-0.21
22.965,-0.55
22.967,-0.44
22.967,-0.04
22.968,-0.09
22.969,-0.43
22.97,-0.38
22.971,-0.17
22.972,-0.16
22.972,-0.2
22.973,-0.22
22.975,-0.17
22.981,-0.03
22.985,0.02
22.99,0.04
22.999,0.03
23.001,0.01
23.007,-0.03
23.041,0.03
23.044,0.07
23.045,0.02
23.046,-0.08
23.048,-0.1
23.048,0.04
23.05,0.13
23.051,-0.06
23.052,-0.18
23.053,-0.04
23.058,-0.02
23.068,-0.01
23.07,0.04
23.081,0
23.082,-0.07
23.083,0.04
23.102,0.27
23.104,0.26
23.105,0.12
23.106,0.15
23.107,0.31
23.112,0.28
23.116,0.26
23.12,0.21
23.125,0.24
23.131,0.04
23.136,-0.02
23.14,0.25
23.147,0.36
23.151,0.06
23.156,-0.04
23.163,0.27
23.165,0.48
23.171,0.29
23.176,0.11
23.191,0.2
23.202,0.38
23.203,0.32
23.204,0.1
23.205,-0.01
23.206,0.13
23.209,0.16
23.233,-0.08
23.238,-0.27
23.241,-0.1
23.242,0.17
23.245,-0.1
23.247,-0.63
23.248,-0.32
23.25,0.24
23.251,0.01
23.256,-0.61
23.266,-0.41
23.267,0.16
23.27,0.17
23.276,-0.22
23.306,-0.38
23.31,-0.07
23.312,0.18
23.314,0.02
23.315,-0.2
23.316,-0.12
23.317,0.2
23.319,0.08
23.32,-0.21
23.324,0.02
23.331,0.25
23.335,-0.01
23.34,-0.32
23.345,-0.21
23.349,0.03
23.354,-0.02
23.358,-0.39
23.364,-0.5
23.368,-0.12
23.373,0.1
23.389,-0.22
23.391,-0.4
23.392,-0.04
23.401,0.15
23.402,-0.04
23.403,-0.17
23.408,-0.02
23.434,0.15
23.436,0.01
23.437,-0.12
23.438,0.08
23.439,0.23
23.44,0.09
23.441,0.01
23.447,0.19
23.451,0.29
23.456,0.2
23.463,0.13
23.467,0.22
23.472,0.26
23.476,0.22
23.488,0.13
23.491,0.09
23.492,0.09
23.501,0.21
23.503,0.18
23.504,-0.07
23.509,-0.06
23.531,0.2
23.535,0.18
23.537,-0.14
23.539,-0.05
23.541,0.35
23.543,0.29
23.546,-0.07
23.551,0.1
23.554,0.52
23.559,0.35
23.565,-0.03
23.568,0.13
23.573,0.45
23.588,0.17
23.59,-0.18
23.592,0.1
23.628,0.34
23.629,-0.05
23.63,-0.23
23.631,0.16
23.632,0.24
23.633,-0.16
23.633,-0.22
23.634,0.07
23.635,0.11
23.635,-0.1
23.64,-0.1
23.646,0.05
23.65,0.05
23.655,-0.08
23.659,-0.06
23.665,0.03
23.67,-0.14
23.676,-0.22
23.687,-0.09
23.689,-0.17
23.702,-0.31
23.703,-0.25
23.705,-0.09
23.712,-0.11
23.713,-0.14
23.714,-0.07
23.734,-0.03
23.736,-0.08
23.738,-0.08
23.739,-0.11
23.74,-0.24
23.742,-0.22
23.747,-0.16
23.752,-0.28
23.756,-0.4
23.77,-0.29
23.773,-0.11
23.777,-0.2
23.779,-0.3
23.781,-0.11
23.82,0.05
23.822,-0.09
23.824,-0.22
23.825,-0.05
23.826,0.1
23.826,-0.06
23.827,-0.25
23.828,-0.04
23.83,0.15
23.831,0.04
23.835,-0.2
23.84,-0.08
23.846,0.22
23.851,0.15
23.857,-0.11
23.859,-0.04
23.866,0.22
23.869,0.19
23.873,-0.05
23.887,-0.03
23.889,0.12
23.891,0.12
23.898,0.03
23.9,0.02
23.927,0.03
23.929,0.1
23.931,0.17
23.932,0.14
23.933,0.1
23.934,0.06
23.935,0.16
23.936,0.27
23.941,0.1
23.948,-0.03
23.951,0.07
23.955,0.13
23.96,0.05
23.968,-0.03
23.976,0.01
23.977,0.05
24.011,0.08
24.014,0.13
24.015,0.09
24.017,-0.08
24.018,0.05
24.02,0.32
24.021,0.06
24.023,-0.34
24.024,-0.18
24.026,0.13
24.031,-0.05
24.034,-0.32
24.037,-0.27
24.043,-0.25
24.048,-0.3
24.053,-0.16
24.058,-0.15
24.07,-0.33
24.072,-0.16
24.074,0.18
24.077,0.08
24.106,-0.32
24.108,-0.13
24.11,0.37
24.111,0.15
24.112,-0.49
24.113,-0.42
24.114,0.12
24.118,-0.15
24.121,-0.65
24.126,-0.31
24.131,0.09
24.138,-0.25
24.14,-0.45
24.146,-0.04
24.15,0.12
24.154,-0.09
24.159,-0.15
24.164,0.04
24.17,0.12
24.174,-0.14
24.189,-0.27
24.192,0.2
24.207,0.38
24.218,-0.25
24.219,-0.48
24.221,0.2
24.222,0.47
24.224,-0.13
24.225,-0.36
24.227,0.11
24.228,0.26
24.252,-0.02
24.253,0.06
24.254,0.41
24.254,0.26
24.255,-0.03
24.256,0.32
24.263,0.68
24.267,0.3
24.271,0.08
24.276,0.28
24.282,0.34
24.285,0.15
24.292,0.07
24.315,0.03
24.316,-0.08
24.317,0.07
24.318,0.32
24.319,0.1
24.32,-0.23
24.324,0.01
24.329,0.38
24.335,0.24
24.339,-0.16
24.344,-0.03
24.349,0.16
24.356,-0.02
24.359,-0.19
24.375,-0.06
24.378,0.07
24.426,-0.13
24.428,-0.24
24.429,-0.02
24.431,0.18
24.434,0.1
24.436,-0
24.438,0.14
24.441,0.36
24.443,0.16
24.445,-0.09
24.447,0.2
24.448,0.43
24.45,-0.02
24.451,-0.27
24.452,0.16
24.453,0.39
24.453,-0.13
24.456,-0.31
24.461,0.19
24.468,0.28
24.505,-0.28
24.507,-0.47
24.509,0.02
24.51,0.11
24.511,-0.36
24.512,-0.61
24.512,-0.23
24.513,-0.09
24.514,-0.3
24.515,-0.41
24.518,-0.2
24.523,-0.09
24.53,-0.14
24.533,-0.07
24.537,0.09
24.542,0.04
24.548,-0.11
24.553,0.11
24.558,0.37
24.573,0.05
24.575,-0.29
24.576,0.2
24.578,0.62
24.629,0.07
24.632,-0.37
24.634,0.24
24.637,0.75
24.639,0.13
24.641,-0.41
24.643,0.16
24.645,0.69
24.647,0.12
24.649,-0.47
24.651,-0.01
24.652,0.5
24.654,0.13
24.656,-0.34
24.657,-0.08
24.659,0.46
24.661,0.35
24.666,-0.05
24.67,0.06
24.676,0.49
24.679,0.47
24.697,0.06
24.698,0.08
24.699,0.33
24.7,0.21
24.703,-0.08
24.707,-0.08
24.718,0.04
24.719,-0.05
24.724,-0.18
24.727,-0
24.733,0.05
24.737,-0.23
24.742,-0.29
24.748,0.03
24.752,0.08
24.756,-0.25
24.761,-0.34
24.766,0.02
24.771,0.1
24.776,-0.22
24.789,-0.38
24.792,-0.04
24.799,0.24
24.802,-0.18
24.803,-0.58
24.832,0
24.834,0.37
24.836,-0.32
24.837,-0.69
24.838,0.14
24.838,0.54
24.839,-0.46
24.84,-0.82
24.844,0.12
24.85,0.35
24.854,-0.48
24.859,-0.64
24.868,0.11
24.87,0.22
24.874,-0.39
24.878,-0.47
24.905,-0.03
24.908,0.08
24.91,-0.17
24.912,-0.25
24.914,-0.07
24.916,0.11
24.918,0.02
24.92,-0.25
24.924,-0.07
24.928,0.25
24.932,0.1
24.937,-0.24
24.941,-0.17
24.947,0.11
24.951,0.07
24.957,-0.08
24.965,-0.08
24.968,0.16
24.971,0.23
24.976,0.04
24.982,-0.01
24.986,0.19
24.991,0.3
25.015,0.13
25.018,0.07
25.02,0.14
25.022,0.04
25.025,-0.1
25.027,0.07
25.03,0.27
25.031,0.07
25.058,-0.27
25.061,-0.01
25.064,0.57
25.065,0.25
25.066,-0.36
25.066,-0
25.067,0.69
25.067,0.36
25.072,-0.34
25.076,-0.17
25.088,0.38
25.09,0.19
25.117,-0.4
25.118,-0.29
25.119,0.35
25.12,0.16
25.121,-0.51
25.121,-0.18
25.122,0.44
25.125,0.29
25.131,-0.3
25.135,-0.26
25.14,0.2
25.144,0.19
25.151,-0.19
25.155,-0.13
25.16,0.18
25.168,-0.01
25.17,-0.27
25.174,0.09
25.187,0.41
25.189,-0.05
25.191,-0.45
25.195,0.09
25.242,0.56
25.245,-0.02
25.247,-0.7
25.249,-0.3
25.249,0.47
25.25,0.13
25.251,-0.63
25.252,-0.52
25.253,0.04
25.253,0.08
25.253,-0.32
25.254,-0.32
25.257,0.01
25.269,-0.06
25.271,-0.27
25.277,0.06
25.278,0.25
25.298,-0.13
25.299,-0.2
25.299,0.28
25.3,0.24
25.3,-0.28
25.305,-0.16
25.311,0.35
25.315,0.17
25.319,-0.34
25.325,-0.18
25.33,0.24
25.335,0.01
25.339,-0.31
25.346,-0.16
25.352,0.07
25.354,-0.04
25.359,-0.17
25.365,-0.06
25.37,-0.01
25.373,-0.05
25.39,0.08
25.393,0.25
25.396,0.13
25.438,0.01
25.443,0.32
25.446,0.62
25.449,0.17
25.453,-0.08
25.456,0.45
25.459,0.73
25.462,0.12
25.466,-0.3
25.469,0.16
25.471,0.53
25.472,0.04
25.474,-0.35
25.475,0.01
25.477,0.38
25.479,0.11
25.482,-0.19
25.485,0.08
25.488,0.35
25.491,0.12
25.493,-0.11
25.498,0.16
25.501,0.33
25.505,0.01
25.51,-0.1
25.516,0.22
25.521,0.17
25.525,-0.25
25.536,-0.18
25.537,0.35
25.545,0.25
25.546,-0.47
25.548,-0.54
25.585,0.31
25.587,0.51
25.588,-0.35
25.589,-0.6
25.59,0.17
25.591,0.44
25.592,-0.14
25.593,-0.34
25.594,0.2
25.6,0.35
25.602,-0.16
25.607,-0.31
25.612,0.17
25.623,0.19
25.626,-0.26
25.674,-0.18
25.676,0.18
25.677,0.17
25.678,-0.17
25.683,-0.21
25.685,0.11
25.686,0.24
25.687,0.06
25.689,-0.19
25.69,-0.09
25.691,0.1
25.692,-0.08
25.695,-0.17
25.696,0.02
25.698,-0.02
25.699,-0.17
25.703,-0.14
25.708,-0.17
25.716,-0.34
25.717,-0.26
25.722,-0
25.727,-0.24
25.743,-0.61
25.744,-0.33
25.745,0.12
25.751,-0.03
25.752,-0.3
25.756,-0.08
25.761,0.19
25.766,0.01
25.771,-0.19
25.776,0.05
25.785,0.21
25.787,-0.16
25.794,-0.43
25.817,0.1
25.818,0.36
25.819,-0.17
25.82,-0.43
25.821,0.1
25.821,0.38
25.824,0.03
25.83,-0.22
25.835,0.06
25.839,0.41
25.844,0.19
25.85,-0.2
25.854,0.04
25.859,0.4
25.864,0.15
25.869,-0.25
25.873,-0.06
25.878,0.32
25.883,0.06
25.889,-0.3
25.895,-0.06
25.915,0.31
25.918,0.04
25.92,-0.46
25.923,-0.09
25.924,0.39
25.926,0.09
25.928,-0.42
25.96,-0.17
25.963,0.37
25.966,0.16
25.968,-0.38
25.971,-0.1
25.973,0.53
25.975,0.23
25.977,-0.5
25.98,-0.08
25.982,0.67
25.984,0.14
25.988,-0.55
25.991,-0.1
25.995,0.46
26.005,-0.05
26.007,-0.46
26.011,0
26.052,0.22
26.053,-0.34
26.054,-0.57
26.054,0.02
26.055,0.14
26.055,-0.39
26.056,-0.5
26.057,-0.04
26.057,0.01
26.058,-0.46
26.064,-0.37
26.068,0.14
26.073,0.05
26.078,-0.53
26.083,-0.5
26.087,0.19
26.092,0.2
26.108,-0.36
26.111,-0.51
26.116,-0
26.118,0.34
26.12,-0
26.122,-0.31
26.159,-0.07
26.175,0.33
26.176,0.3
26.176,-0.01
26.177,-0
26.177,0.25
26.178,0.11
26.178,-0.11
26.179,0.1
26.18,0.28
26.181,0.08
26.181,-0.21
26.184,-0.06
26.189,0.3
26.194,0.31
26.202,0.03
26.212,-0.07
26.213,0.12
26.214,0.4
26.238,0.38
26.24,0.1
26.241,0
26.243,0.04
26.244,0.29
26.245,0.5
26.248,0.17
26.252,-0.15
26.257,0.07
26.261,0.52
26.266,0.38
26.271,-0.08
26.276,-0.04
26.287,0.3
26.288,0.2
26.291,-0.08
26.296,0.05
26.303,0.13
26.312,-0.16
26.314,-0.18
26.347,0.33
26.35,0.31
26.352,-0.32
26.354,-0.38
26.356,0.23
26.358,0.42
26.36,-0.1
26.362,-0.38
26.364,0.05
26.366,0.28
26.369,-0.07
26.371,-0.19
26.375,-0
26.381,0.06
26.389,-0.12
26.391,-0.12
26.393,0.01
26.407,-0.14
26.41,-0.29
26.412,-0.14
26.457,-0.2
26.459,-0.42
26.46,-0.41
26.46,-0.09
26.461,-0.13
26.462,-0.47
26.462,-0.34
26.463,0.16
26.464,0.13
26.465,-0.21
26.466,-0.04
26.466,0.42
26.472,0.37
26.476,-0.21
26.486,-0.11
26.488,0.57
26.494,0.48
26.498,-0.24
26.52,-0.33
26.522,0.32
26.524,0.51
26.525,-0.15
26.526,-0.38
26.528,0.16
26.529,0.53
26.534,0.13
26.538,-0.22
26.543,0.13
26.548,0.54
26.553,0.3
26.558,-0.09
26.565,0.11
26.568,0.46
26.573,0.26
26.578,-0.11
26.583,0.03
26.588,0.31
26.594,0.09
26.609,-0.22
26.612,-0.05
26.614,0.19
26.616,0.07
26.624,-0.12
26.627,0.01
26.63,0.22
26.632,0.19
26.661,0.12
26.663,0.11
26.664,0.15
26.665,0.23
26.666,0.2
26.666,0.03
26.667,0.03
26.669,0.26
26.675,0.16
26.679,-0.14
26.686,0.02
26.689,0.33
26.694,0.1
26.702,-0.28
26.709,-0.07
26.71,0.26
26.735,0.15
26.737,-0.2
26.738,-0.19
26.739,0.09
26.74,0.11
26.741,-0.11
26.742,-0.24
26.748,-0.07
26.752,0.01
26.757,-0.19
26.763,-0.28
26.768,-0.12
26.772,-0.16
26.778,-0.28
26.792,-0.17
26.795,-0.12
26.802,-0.26
26.834,-0.21
26.836,-0.01
26.838,-0.14
26.841,-0.37
26.842,-0.22
26.842,-0.04
26.843,-0.25
26.843,-0.48
26.844,-0.29
26.845,-0.11
26.845,-0.31
26.849,-0.41
26.854,-0.23
26.859,-0.08
26.865,-0.24
26.868,-0.4
26.875,-0.07
26.879,0.13
26.886,-0.13
26.888,-0.37
26.894,0.14
26.922,0.42
26.928,-0.04
26.933,-0.19
26.934,0.29
26.935,0.39
26.937,-0.02
26.938,-0.1
26.94,0.2
26.943,0.09
26.945,-0.17
26.947,-0.14
26.981,-0.07
26.984,-0.2
26.985,-0.29
26.986,-0.22
26.986,-0.29
26.987,-0.38
26.987,-0.18
26.988,-0
26.99,-0.23
26.994,-0.41
26.999,-0.24
27.005,0.08
27.01,0.12
27.026,-0.12
27.029,-0.51
27.031,-0.26
27.068,0.31
27.07,0.3
27.071,-0.17
27.072,-0.21
27.073,0.35
27.074,0.68
27.074,0.33
27.075,0
27.075,0.28
27.075,0.72
27.077,0.39
27.083,-0.08
27.086,0.23
27.092,0.56
27.104,0.03
27.11,-0.24
27.111,0.16
27.113,0.35
27.137,-0.27
27.138,-0.75
27.139,-0.07
27.139,0.53
27.139,-0.03
27.14,-0.86
27.145,-0.39
27.15,0.59
27.155,0.36
27.159,-0.58
27.165,-0.52
27.17,0.3
27.175,0.4
27.183,-0.28
27.195,-0.33
27.197,0.15
27.199,0.14
27.202,-0.2
27.204,-0.15
27.209,0.33
27.233,0.2
27.235,-0.35
27.236,-0.13
27.236,0.47
27.237,0.19
27.237,-0.36
27.242,-0.13
27.248,0.48
27.253,0.19
27.258,-0.41
27.262,-0.14
27.267,0.51
27.273,0.23
27.278,-0.49
27.29,-0.21
27.293,0.41
27.337,0.05
27.341,-0.62
27.343,-0.15
27.344,0.48
27.346,-0.05
27.348,-0.58
27.351,0
27.353,0.51
27.355,0.02
27.357,-0.48
27.359,-0.01
27.361,0.43
27.363,0.06
27.365,-0.28
27.368,-0.05
27.37,0.13
27.372,0.09
27.375,0.03
27.38,0.01
27.384,0.04
27.389,0.11
27.394,0.23
27.4,0.19
27.403,0.09
27.409,0.14
27.413,0.35
27.427,0.33
27.43,0.08
27.433,-0.04
27.435,0.11
27.437,0.21
27.443,-0
27.481,-0.13
27.485,-0.05
27.487,-0.01
27.489,-0.02
27.491,0.08
27.493,0.06
27.495,0.02
27.497,0.14
27.499,0.31
27.501,0.25
27.503,0.06
27.504,0.18
27.506,0.34
27.509,0.16
27.522,-0.11
27.524,-0
27.526,0.3
27.528,0.19
27.555,-0.15
27.557,-0.06
27.559,0.25
27.562,0.24
27.564,-0.01
27.568,0.03
27.571,0.13
27.573,0.07
27.574,-0.21
27.578,-0.19
27.583,-0.02
27.588,-0.16
27.592,-0.35
27.6,-0.26
27.602,-0.02
27.607,-0.09
27.611,-0.43
27.62,-0.37
27.621,0.13
27.627,0.25
27.658,-0.33
27.661,-0.53
27.663,0.16
27.666,0.42
27.668,-0.29
27.671,-0.4
27.672,0.24
27.674,0.27
27.676,-0.23
27.678,-0.21
27.68,0.2
27.685,0.12
27.689,-0.18
27.694,-0.05
27.705,0.1
27.707,-0.17
27.71,-0.29
27.714,-0.04
27.719,-0.07
27.723,-0.35
27.728,-0.33
27.755,-0.14
27.756,-0.17
27.757,-0.38
27.758,-0.25
27.759,0.02
27.76,-0.1
27.761,-0.15
27.767,0.04
27.771,0.01
27.776,-0.15
27.782,-0.09
27.786,0.26
27.791,0.13
27.796,-0.27
27.806,-0.22
27.808,0.25
27.811,0.2
27.819,-0.14
27.822,-0.02
27.824,0.16
27.859,-0.03
27.86,-0.07
27.862,0.15
27.862,0.1
27.863,-0.14
27.864,0.01
27.864,0.34
27.865,0.27
27.87,-0.11
27.874,0
27.878,0.5
27.89,0.52
27.892,0.08
27.911,-0.03
27.912,0.27
27.915,0.42
27.916,0.26
27.918,0.02
27.919,-0.07
27.932,0.02
27.934,0.07
27.936,0.04
27.937,-0.07
27.941,-0.28
27.949,-0.46
27.953,-0.04
27.956,0.31
27.961,-0.22
27.968,-0.67
27.971,-0.16
27.977,0.38
27.981,0.02
27.986,-0.56
27.99,-0.38
27.995,0.13
28.007,0.19
28.009,-0.2
28.012,-0.5
28.016,-0.26
28.072,0.26
28.076,0.22
28.079,-0.34
28.082,-0.4
28.085,0.29
28.087,0.44
28.09,-0.29
28.091,-0.37
28.091,0.28
28.092,0.34
28.093,-0.2
28.1,-0.22
28.101,0.26
28.102,0.26
28.103,-0.2
28.104,-0.07
28.105,0.41
28.106,0.28
28.107,-0.04
28.112,0.2
28.12,0.37
28.127,0.04
28.128,-0.03
28.13,0.31
28.15,0.41
28.152,-0.07
28.153,-0.24
28.153,0.27
28.154,0.45
28.16,0
28.166,-0.3
28.169,0.05
28.174,0.39
28.179,0.11
28.186,-0.17
28.194,-0.04
28.196,0.18
28.201,0.03
28.204,-0.08
28.209,0.04
28.213,0.08
28.226,0.1
28.228,0.1
28.234,0.13
28.235,0.19
28.238,0.3
28.242,0.26
28.264,0.12
28.266,0.27
28.268,0.43
28.269,0.2
28.269,-0.04
28.272,0.14
28.277,0.3
28.283,0
28.286,-0.18
28.29,0.09
28.295,0.17
28.302,-0.29
28.306,-0.38
28.311,0.1
28.327,0.18
28.33,-0.37
28.332,-0.5
28.379,0.07
28.381,0.36
28.382,-0.14
28.383,-0.47
28.384,0
28.385,0.28
28.386,-0.13
28.387,-0.35
28.388,0.01
28.389,0.09
28.39,-0.2
28.391,-0.12
28.392,0.15
28.393,0.09
28.398,0.03
28.407,0.13
28.409,0.22
28.419,0.05
28.42,0.03
28.449,0.06
28.452,0.02
28.454,-0.09
28.457,-0.14
28.459,-0.07
28.462,-0.03
28.466,-0.11
28.469,-0.25
28.472,-0.3
28.474,-0.01
28.476,0.09
28.478,-0.41
28.483,-0.56
28.486,-0.02
28.491,0.27
28.496,-0.3
28.502,-0.63
28.505,-0.01
28.512,0.34
28.524,-0.17
28.527,-0.5
28.529,-0.1
28.566,0.19
28.568,-0.09
28.569,-0.39
28.57,-0.12
28.571,0.21
28.572,0.01
28.576,-0.3
28.577,-0
28.578,0.23
28.579,-0.02
28.58,-0.19
28.585,0.05
28.588,0.26
28.592,0.12
28.596,-0.2
28.602,-0.1
28.606,0.35
28.611,0.33
28.619,-0.17
28.626,-0.12
28.628,0.39
28.656,0.39
28.659,-0.08
28.661,-0.18
28.663,0.25
28.664,0.31
28.666,-0.16
28.667,-0.29
28.668,0.11
28.67,0.18
28.675,-0.15
28.679,-0.17
28.686,0.07
28.689,0.13
28.695,-0.06
28.71,-0.07
28.712,0.13
28.713,0.09
28.749,-0.02
28.751,0.08
28.752,0.15
28.754,0.07
28.755,0.09
28.755,0.18
28.756,0.16
28.756,0.02
28.757,0.03
28.757,0.24
28.761,0.22
28.767,-0.12
28.771,-0.22
28.776,0.12
28.782,0.12
28.786,-0.3
28.792,-0.23
28.796,0.09
28.803,-0.05
28.807,-0.34
28.811,-0.21
28.826,-0.01
28.829,-0.1
28.831,-0.24
28.895,-0.24
28.899,-0.06
28.901,-0.03
28.904,-0.07
28.906,-0.25
28.909,-0.25
28.911,0.05
28.913,0.23
28.916,0.12
28.918,-0.1
28.92,0.03
28.923,0.3
28.925,0.31
28.928,0.15
28.93,0.06
28.932,0.29
28.933,0.37
28.934,0.13
28.934,0.01
28.935,0.12
28.936,0.16
28.936,0.04
28.937,-0.12
28.942,-0.15
28.947,-0.16
28.957,-0.06
28.959,-0.05
28.966,-0.11
28.968,-0.05
28.996,0.15
28.998,0.31
29,0.28
29.001,0.21
29.002,0.26
29.002,0.32
29.003,0.28
29.005,0.2
29.009,0.19
29.021,0.19
29.023,0.07
29.025,0
29.029,0.13
29.055,0.14
29.057,-0.04
29.061,-0.07
29.062,0.06
29.062,0.08
29.063,-0.11
29.064,-0.2
29.069,-0.04
29.077,0.07
29.078,-0.06
29.083,-0.22
29.087,-0.19
29.092,-0.01
29.097,0.1
29.104,0.04
29.108,-0.04
29.113,-0.02
29.124,0
29.126,0.09
29.139,0.15
29.141,0.03
29.142,-0.14
29.144,-0.15
29.168,-0.01
29.171,0.06
29.172,-0.2
29.173,-0.46
29.174,-0.3
29.175,-0.03
29.176,-0.25
29.181,-0.5
29.186,-0.27
29.192,0.06
29.194,-0.03
29.202,-0.28
29.204,-0.06
29.21,0.27
29.214,0.02
29.226,-0.36
29.228,-0
29.238,0.32
29.24,-0.06
29.241,-0.34
29.278,-0.04
29.279,0.23
29.28,-0.03
29.281,-0.22
29.281,0.03
29.282,0.24
29.283,0.15
29.284,-0.01
29.284,0.02
29.288,0.22
29.291,0.34
29.295,0.16
29.307,-0.01
29.309,0.12
29.32,0.23
29.321,-0
29.322,-0.12
29.325,0.07
29.331,0.06
29.344,-0.18
29.345,-0.3
29.346,-0.11
29.352,-0.05
29.354,-0.3
29.358,-0.42
29.364,-0.16
29.369,-0.13
29.373,-0.32
29.378,-0.28
29.384,-0.03
29.388,-0.07
29.393,-0.22
29.398,-0.17
29.409,-0.04
29.411,-0.18
29.459,-0.17
29.463,0.19
29.466,0.07
29.469,-0.41
29.471,-0.18
29.472,0.57
29.474,0.38
29.475,-0.39
29.477,-0.18
29.478,0.58
29.479,0.38
29.481,-0.33
29.482,-0.09
29.484,0.39
29.485,0.18
29.487,-0.17
29.49,0.03
29.496,0.3
29.509,0.12
29.512,-0.1
29.513,0.1
29.544,0.27
29.546,-0.08
29.547,-0.24
29.552,-0.01
29.552,0
29.553,-0.23
29.553,-0.21
29.554,-0.08
29.554,-0.27
29.559,-0.24
29.563,0.1
29.569,0.13
29.573,-0.22
29.578,-0.17
29.583,0.25
29.587,0.18
29.591,-0.15
29.597,-0.19
29.609,-0.08
29.612,0.03
29.619,0.02
29.622,-0.29
29.623,-0.45
29.653,-0.12
29.655,0.14
29.656,-0.14
29.657,-0.6
29.658,-0.37
29.658,0.24
29.659,0.28
29.66,-0.29
29.667,-0.53
29.673,0.05
29.676,0.5
29.68,0.14
29.685,-0.37
29.689,-0.13
29.695,0.4
29.711,0.5
29.714,0.03
29.72,-0.23
29.722,0.16
29.723,0.5
29.755,0.2
29.756,-0.08
29.757,0.03
29.758,0.31
29.758,0.21
29.759,-0.07
29.76,0.06
29.76,0.34
29.761,0.15
29.767,-0.12
29.772,0.01
29.776,0.08
29.781,-0.12
29.787,-0.19
29.791,0.06
29.797,0.09
29.802,-0.21
29.806,-0.13
29.812,0.25
29.826,0.3
29.828,0.06
29.829,0.13
29.88,0.49
29.882,0.34
29.883,0.04
29.884,0.14
29.885,0.35
29.885,0.15
29.886,-0.03
29.886,0.17
29.887,0.35
29.888,0.08
29.888,-0.13
29.889,0.22
29.89,0.46
29.893,0.05
29.898,-0.27
29.904,0.01
29.908,0.26
29.941,-0.15
29.944,-0.6
29.946,-0.38
29.947,-0.04
29.948,-0.18
29.948,-0.42
29.949,-0.37
29.949,-0.08
29.953,0.08
29.956,-0.03
29.961,-0.16
29.967,-0.04
29.972,0.24
29.976,0.15
29.98,-0.16
29.987,-0.1
29.99,0.19
29.996,0.09
30.012,-0.22
30.013,-0.14
30.015,0.08
30.032,0.02
30.033,-0.24
30.034,-0.18
30.034,-0
30.035,-0.08
30.055,-0.22
30.056,-0.29
30.057,-0.04
30.058,0.08
30.058,-0.25
30.063,-0.46
30.068,-0.06
30.073,0.14
30.077,-0.28
30.085,-0.38
30.087,0.05
30.093,0.11
30.098,-0.3
30.103,-0.31
30.108,0.22
30.112,0.42
30.127,-0.03
30.129,-0.23
30.13,0.19
30.132,0.38
30.136,0.17
30.143,0.08
30.146,0.08
30.181,0.05
30.184,0.14
30.186,0.26
30.188,0.05
30.189,-0.12
30.191,0.02
30.192,0.16
30.194,0.18
30.195,0.08
30.196,-0.1
30.202,-0.11
30.205,0.09
30.209,0.19
30.214,-0.09
30.223,-0.25
30.231,-0.06
30.232,0.1
30.233,-0.09
30.267,-0.2
30.269,-0.01
30.27,-0
30.271,-0.05
30.272,-0.04
30.272,-0.1
30.273,-0.2
30.274,-0.19
30.276,-0.07
30.281,-0.07
30.286,-0.19
30.291,-0.26
30.296,-0.13
30.308,0.02
30.31,0.09
30.314,0.02
30.356,-0.21
30.358,-0.17
30.36,0.25
30.361,0.4
30.363,-0.07
30.365,-0.42
30.366,0.03
30.368,0.42
30.37,0.11
30.372,-0.24
30.373,-0.07
30.375,0.34
30.377,0.27
30.379,-0.07
30.384,0.08
30.39,0.46
30.396,0.32
30.399,-0.11
30.404,-0.06
30.408,0.52
30.413,0.35
30.424,-0.55
30.426,-0.62
30.428,0.21
30.436,0.28
30.479,-0.61
30.482,-0.83
30.485,0.04
30.488,0.33
30.49,-0.32
30.492,-0.5
30.494,0.2
30.496,0.43
30.498,-0.18
30.5,-0.25
30.502,0.32
30.504,0.38
30.506,-0.07
30.513,-0.08
30.514,0.31
30.515,0.2
30.517,-0
30.52,0.16
30.526,0.28
30.531,0.05
30.541,0.07
30.542,0.37
30.544,0.24
30.55,-0.04
30.553,0.21
30.558,0.55
30.563,0.1
30.609,-0.28
30.611,0.22
30.613,0.58
30.614,-0.12
30.615,-0.72
30.616,-0.12
30.617,0.44
30.618,-0.18
30.618,-0.71
30.619,-0.05
30.623,0.46
30.625,-0.02
30.629,-0.34
30.632,0.16
30.64,0.42
30.682,0.05
30.683,-0.07
30.684,0.31
30.686,0.25
30.687,-0.17
30.689,0.02
30.691,0.41
30.693,0.14
30.695,-0.47
30.696,-0.1
30.698,0.53
30.7,0.15
30.702,-0.52
30.704,-0.18
30.711,0.54
30.714,0.26
30.723,-0.37
30.725,-0.21
30.762,0.4
30.764,0.26
30.766,-0.39
30.768,-0.34
30.768,0.18
30.769,0.05
30.77,-0.47
30.771,-0.33
30.772,0.16
30.773,0.08
30.777,-0.39
30.782,-0.18
30.787,0.36
30.791,0.3
30.796,-0.17
30.803,-0.11
30.806,0.36
30.811,0.33
30.816,-0.07
30.825,-0.1
30.827,0.15
30.835,0.09
30.836,-0.18
30.872,-0.2
30.877,-0.01
30.88,-0.08
30.883,-0.22
30.886,-0.08
30.889,-0.11
30.892,-0.3
30.894,-0.27
30.896,0.07
30.897,0.16
30.9,-0.3
30.902,-0.45
30.904,0.13
30.905,0.39
30.911,-0.2
30.916,-0.54
30.92,0.08
30.924,0.54
30.927,-0.08
30.932,-0.68
30.94,-0.09
30.943,0.49
30.947,0.01
30.974,-0.58
30.976,-0.13
30.977,0.44
30.978,0.18
30.978,-0.28
30.979,-0.19
30.98,0.23
30.99,0.31
30.992,0.02
30.995,-0.17
31.002,0.02
31.005,0.05
31.009,-0.03
31.016,0.03
31.027,0.12
31.029,0.05
31.067,-0.12
31.069,-0.02
31.071,0.27
31.072,0.18
31.072,-0.18
31.073,-0.12
31.074,0.23
31.074,0.08
31.075,-0.41
31.076,-0.26
31.078,0.21
31.083,0.16
31.088,-0.4
31.093,-0.36
31.098,0.25
31.109,0.33
31.111,-0.25
31.116,-0.33
31.171,0.19
31.173,0.27
31.174,-0.11
31.175,-0.2
31.177,0.04
31.178,-0.02
31.18,-0.12
31.181,0.12
31.183,0.13
31.185,-0.32
31.186,-0.37
31.187,0.26
31.189,0.35
31.19,-0.35
31.191,-0.51
31.192,0.28
31.195,0.55
31.199,-0.1
31.204,-0.42
31.209,0.11
31.214,0.43
31.223,-0.01
31.231,-0.34
31.232,-0.07
31.235,0.2
31.275,-0.04
31.279,-0.31
31.281,-0.04
31.283,0.23
31.284,-0.01
31.286,-0.21
31.287,-0.07
31.289,0.14
31.29,0.09
31.291,-0.03
31.293,-0.01
31.293,-0.03
31.296,-0.08
31.306,-0.17
31.307,-0.15
31.311,-0.13
31.315,-0.17
31.322,-0.25
31.326,-0.21
31.33,-0.01
31.379,-0.07
31.383,-0.22
31.385,-0.04
31.388,0.15
31.39,0.02
31.392,-0.21
31.395,0.11
31.397,0.46
31.399,0.07
31.402,-0.2
31.404,0.11
31.406,0.39
31.408,0.13
31.41,-0.09
31.411,0.09
31.411,0.24
31.414,0.09
31.418,0.09
31.422,0.34
31.427,0.28
31.432,0.08
31.445,0.14
31.447,0.45
31.484,0.49
31.485,0.26
31.486,0.07
31.488,0.08
31.49,0.26
31.499,0.15
31.5,-0.21
31.502,-0.23
31.503,0.06
31.504,0.09
31.505,-0.15
31.506,-0.13
31.507,0.18
31.511,0.26
31.515,0.1
31.525,0.09
31.526,0.34
31.529,0.41
31.536,0.18
31.557,-0.03
31.559,0.14
31.561,0.25
31.563,0
31.564,-0.13
31.566,-0.02
31.568,0.02
31.576,-0.05
31.578,-0.1
31.582,0.03
31.587,0.02
31.592,-0.15
31.597,-0.14
31.606,0.12
31.611,0.17
31.612,-0.18
31.636,-0.4
31.638,-0.13
31.639,0.08
31.639,-0.16
31.64,-0.43
31.641,-0.17
31.645,0.11
31.651,-0.05
31.656,-0.28
31.66,-0.12
31.664,0.15
31.67,0.1
31.676,-0.1
31.68,-0.1
31.686,0.02
31.69,0.08
31.695,0.08
31.7,-0.05
31.707,-0.08
31.71,0.02
31.716,0.09
31.73,-0.02
31.732,-0.16
31.736,-0.09
31.739,0.02
31.741,-0.09
31.743,-0.28
31.75,-0.25
31.753,-0.24
31.775,-0.18
31.777,-0.12
31.779,-0.19
31.78,-0.38
31.782,-0.29
31.783,-0.03
31.788,0.06
31.792,-0.14
31.796,-0.15
31.808,-0.02
31.81,0.09
31.848,0.08
31.85,0.17
31.852,0.22
31.853,0.05
31.853,0.06
31.854,0.34
31.855,0.27
31.855,-0.03
31.856,0.02
31.856,0.3
31.86,0.31
31.864,0.02
31.869,0.05
31.874,0.36
31.879,0.39
31.886,0.09
31.889,0.08
31.894,0.18
31.899,0.14
31.905,0.01
31.91,-0.04
31.915,-0.16
31.933,-0.24
31.952,-0.09
31.954,-0.07
31.955,-0.42
31.957,-0.47
31.959,-0.12
31.96,0.11
31.962,-0.18
31.97,-0.41
31.971,-0.2
31.972,0.2
31.973,0.09
31.986,-0.11
31.987,-0.01
31.987,0.12
31.991,0.17
31.995,0.19
32,0.23
32.005,0.07
32.009,-0.07
32.014,0.16
32.028,0.39
32.031,-0.02
32.032,-0.5
32.04,-0.26
32.041,0.34
32.08,0.25
32.083,-0.58
32.084,-0.56
32.085,0.33
32.086,0.46
32.088,-0.42
32.089,-0.6
32.09,0.31
32.091,0.54
32.092,-0.24
32.092,-0.48
32.099,0.14
32.112,0.37
32.113,-0.17
32.114,-0.39
32.116,0.03
32.146,0.12
32.147,-0.34
32.148,-0.3
32.149,0.11
32.15,-0.02
32.151,-0.51
32.153,-0.38
32.157,0.13
32.161,-0.12
32.165,-0.61
32.17,-0.35
32.175,0.15
32.18,0.05
32.187,-0.38
32.19,-0.25
32.195,0.17
32.2,0.28
32.206,0.06
32.209,-0.11
32.214,0.21
32.228,0.49
32.23,0.25
32.234,-0.03
32.235,0.12
32.278,0.38
32.282,0.2
32.285,-0.12
32.288,0.03
32.29,0.44
32.292,0.39
32.294,-0.07
32.296,0.05
32.298,0.53
32.3,0.31
32.302,-0.12
32.303,0.13
32.305,0.51
32.307,0.11
32.308,-0.27
32.313,0.13
32.317,0.45
32.322,0.07
32.326,-0.12
32.331,0.25
32.342,0.34
32.344,0
32.345,-0.13
32.35,0.12
32.416,0.07
32.418,-0.19
32.42,-0.14
32.421,-0.04
32.422,-0.28
32.423,-0.32
32.423,0.12
32.424,0.21
32.425,-0.37
32.425,-0.47
32.426,0.35
32.427,0.51
32.427,-0.33
32.428,-0.44
32.428,0.44
32.429,0.61
32.432,-0.36
32.438,-0.42
32.443,0.53
32.447,0.45
32.452,-0.51
32.457,-0.36
32.497,0.63
32.499,0.41
32.5,-0.6
32.5,-0.29
32.501,0.57
32.502,0.1
32.502,-0.69
32.503,-0.32
32.504,0.28
32.504,-0.23
32.51,-0.85
32.515,-0.36
32.53,0.12
32.531,-0.41
32.532,-0.85
32.534,-0.25
32.559,0.26
32.561,-0.28
32.562,-0.65
32.564,0.09
32.565,0.53
32.566,-0.1
32.57,-0.48
32.573,0.16
32.578,0.56
32.583,0.08
32.588,-0.23
32.593,0.13
32.598,0.4
32.602,0.07
32.608,-0.26
32.612,0.03
32.617,0.3
32.634,-0.06
32.636,-0.35
32.638,0.03
32.668,0.32
32.67,-0.05
32.671,-0.41
32.672,0
32.673,0.46
32.673,0.19
32.674,-0.13
32.674,0.14
32.675,0.42
32.68,0.08
32.686,-0.12
32.689,0.17
32.695,0.23
32.699,-0.06
32.705,-0.11
32.709,0.03
32.714,-0.07
32.726,-0.15
32.729,0.14
32.731,0.29
32.733,-0.04
32.765,-0.15
32.766,0.21
32.768,0.24
32.771,-0.14
32.771,-0.22
32.772,0.27
32.773,0.27
32.773,-0.26
32.777,-0.21
32.782,0.32
32.787,0.33
32.791,-0.14
32.797,-0.07
32.803,0.23
32.806,0.12
32.812,-0.25
32.817,-0.23
32.824,0.06
32.827,0.07
32.831,-0.32
32.847,-0.34
32.849,-0.06
32.852,0.06
32.894,-0.14
32.896,-0.25
32.897,-0.17
32.898,-0.06
32.899,-0.08
32.9,-0.23
32.9,-0.31
32.901,-0.26
32.902,-0.13
32.902,-0.04
32.903,-0.15
32.904,-0.25
32.908,0.03
32.913,0.33
32.925,0.2
32.927,-0.06
32.932,0.05
32.977,0.31
32.979,0.17
32.981,0.02
32.984,0.08
32.986,0.23
32.988,0.22
32.99,0.04
32.992,0.02
32.994,0.15
32.995,0.16
32.997,0.09
32.999,0.04
33.001,-0.02
33.002,-0.01
33.004,-0
33.006,0.03
33.011,-0.08
33.017,-0.19
33.02,-0.05
33.026,0.06
33.03,-0.15
33.049,-0.17
33.053,-0.02
33.055,-0.08
33.057,-0.11
33.063,0.07
33.064,0.27
33.07,0.14
33.071,-0.09
33.1,0.07
33.102,0.47
33.104,0.38
33.105,0.01
33.106,-0
33.106,0.39
33.107,0.44
33.108,-0.02
33.112,-0.15
33.117,0.29
33.124,0.38
33.127,-0.13
33.132,-0.32
33.136,0.13
33.172,0.32
33.174,-0.18
33.176,-0.39
33.177,0.13
33.178,0.42
33.178,-0.07
33.179,-0.43
33.179,0.07
33.18,0.45
33.187,0.08
33.191,-0.34
33.195,-0.08
33.201,0.27
33.205,0.11
33.21,-0.17
33.215,-0.1
33.222,0.09
33.225,0.03
33.231,-0.16
33.234,-0.01
33.242,0.17
33.243,0
33.248,-0.13
33.288,0.07
33.29,0.25
33.291,0.07
33.292,-0.17
33.293,-0.02
33.294,0.2
33.294,0.1
33.295,-0.08
33.295,0
33.297,0.07
33.301,0.01
33.306,-0.11
33.312,-0.04
33.317,0.03
33.325,-0.06
33.332,-0.15
33.333,-0.07
33.337,-0.02
33.369,-0.08
33.371,-0.12
33.371,-0.04
33.372,0
33.373,0
33.373,-0.03
33.374,-0.03
33.375,-0.01
33.379,0.04
33.384,0.07
33.39,0.08
33.393,0.06
33.399,0.06
33.404,0.11
33.408,0.09
33.423,0.02
33.424,-0.04
33.425,-0.04
33.439,-0.02
33.443,-0.11
33.444,-0.22
33.448,-0.18
33.45,-0.12
33.488,-0.16
33.49,-0.19
33.492,-0.06
33.493,0.07
33.495,0.09
33.496,0.05
33.497,0.09
33.498,0.17
33.5,0.19
33.504,0.22
33.507,0.25
33.51,0.16
33.511,0.09
33.515,0.17
33.523,0.21
33.526,0.18
33.531,0.1
33.554,0.07
33.556,0.06
33.558,0.07
33.559,0.09
33.562,0.1
33.563,0.04
33.565,-0
33.597,0.02
33.601,0.03
33.604,-0.03
33.607,-0.01
33.609,-0.01
33.611,-0.11
33.612,-0.17
33.613,-0.08
33.615,-0.03
33.616,-0.13
33.618,-0.21
33.622,-0.07
33.627,0.07
33.632,-0.02
33.644,-0.16
33.646,-0.08
33.648,0.08
33.651,-0.03
33.716,-0.22
33.721,-0.12
33.724,-0.04
33.727,-0.22
33.73,-0.36
33.732,-0.12
33.733,0.03
33.736,-0.21
33.738,-0.46
33.741,-0.22
33.744,0.09
33.747,-0.15
33.749,-0.45
33.752,-0.19
33.754,0.1
33.756,-0.04
33.758,-0.29
33.759,-0.12
33.761,0.21
33.763,0.19
33.765,-0.01
33.766,0.03
33.769,0.21
33.771,0.1
33.776,-0.04
33.779,0.13
33.783,0.2
33.796,-0.09
33.797,-0.26
33.837,0.03
33.839,0.13
33.842,-0.14
33.845,-0.35
33.847,-0.18
33.849,-0.05
33.85,-0.09
33.851,-0.09
33.852,-0.04
33.853,-0.09
33.853,-0.05
33.854,0.07
33.862,-0.03
33.864,0.02
33.902,0.2
33.906,0.03
33.908,-0.23
33.91,0.05
33.911,0.45
33.913,0.15
33.914,-0.24
33.92,0.14
33.922,0.61
33.923,0.24
33.925,-0.27
33.926,0.07
33.927,0.53
33.929,0.19
33.933,-0.34
33.939,-0.03
33.942,0.4
33.949,0
33.979,-0.57
33.98,-0.17
33.981,0.35
33.982,-0.11
33.982,-0.63
33.983,-0.08
33.984,0.44
33.986,-0.16
33.991,-0.69
33.995,0.05
34,0.62
34.005,-0.08
34.01,-0.52
34.015,0.09
34.031,0.54
34.033,0.01
34.035,-0.18
34.086,0.36
34.088,0.41
34.091,-0.16
34.094,-0.21
34.096,0.22
34.098,0.25
34.1,-0.24
34.103,-0.25
34.106,0.07
34.108,-0.04
34.11,-0.22
34.111,-0.01
34.112,0.23
34.113,-0.02
34.114,-0.29
34.114,0.02
34.115,0.32
34.117,-0.02
34.123,-0.37
34.127,-0.08
34.132,0.18
34.144,-0.07
34.147,-0.36
34.148,-0.12
34.151,0.08
34.185,-0.14
34.187,-0.19
34.188,0.05
34.189,0.01
34.19,-0.17
34.191,0.05
34.191,0.13
34.192,-0.13
34.195,-0.3
34.199,0.01
34.204,0.24
34.21,-0.15
34.214,-0.44
34.222,-0.01
34.225,0.38
34.229,0.03
34.234,-0.43
34.248,0.1
34.251,0.67
34.255,0.22
34.257,-0.29
34.258,0.14
34.318,0.63
34.32,0.28
34.322,-0.25
34.323,0.01
34.323,0.34
34.324,0.06
34.325,-0.18
34.326,0.03
34.326,0.13
34.327,-0.08
34.328,-0.08
34.329,0.32
34.329,0.33
34.33,-0.12
34.331,-0.08
34.338,0.4
34.341,0.4
34.345,-0.17
34.35,-0.22
34.363,0.24
34.366,0.3
34.374,-0.24
34.375,-0.44
34.376,0.13
34.379,0.34
34.384,-0.14
34.421,-0.42
34.423,-0.04
34.424,0.29
34.425,0.02
34.425,-0.29
34.426,-0.1
34.427,0.05
34.427,-0.22
34.428,-0.29
34.432,0.09
34.438,0.07
34.442,-0.36
34.447,-0.35
34.452,0.25
34.47,0.29
34.472,-0.35
34.477,-0.39
34.478,0.33
34.48,0.45
34.481,-0.19
34.487,-0.31
34.531,0.28
34.535,0.3
34.538,-0.32
34.541,-0.21
34.543,0.28
34.545,0.09
34.548,-0.39
34.55,-0.11
34.551,0.4
34.552,0.05
34.553,-0.59
34.554,-0.08
34.555,0.57
34.555,0.03
34.559,-0.69
34.564,-0.11
34.568,0.69
34.579,0.11
34.585,-0.73
34.586,-0.21
34.588,0.62
34.619,0.17
34.623,-0.64
34.625,-0.28
34.628,0.38
34.63,0.16
34.632,-0.43
34.633,-0.29
34.634,0.25
34.636,0.2
34.637,-0.31
34.641,-0.2
34.647,0.49
34.651,0.47
34.66,-0.14
34.671,-0.12
34.672,0.56
34.673,0.59
34.707,-0.02
34.71,-0.21
34.713,0.26
34.715,0.39
34.717,0.03
34.72,-0.1
34.722,0.13
34.725,0.14
34.727,-0.01
34.73,0.12
34.732,0.18
34.734,-0.03
34.736,-0.12
34.741,0.12
34.748,0.23
34.751,0.13
34.771,0.01
34.775,0.05
34.777,0.16
34.778,0.28
34.779,0.26
34.781,0.09
34.783,-0.03
34.812,0.06
34.813,0.1
34.814,0.01
34.815,-0.2
34.815,-0.22
34.816,-0.08
34.816,-0.14
34.825,-0.33
34.826,-0.21
34.831,0.04
34.836,-0.03
34.843,-0.22
34.851,-0.1
34.853,0.23
34.855,0.12
34.89,-0.23
34.891,-0.06
34.899,0.2
34.9,-0
34.901,-0.28
34.902,-0.14
34.903,0.08
34.904,0.01
34.904,-0.18
34.905,-0.04
34.91,0.15
34.913,0.05
34.917,-0.11
34.925,-0
34.928,0.07
34.932,-0.05
34.978,-0.16
34.981,-0.2
34.983,-0.21
34.985,-0.12
